"code_lot_materiel","primer_pcr_start","primer_pcr_end","qualite_pcr","code_ind_biomol","code_ind_tri_morpho","type_individu","code_tube","num_ind_biomol","commentaire_ind","taxname","date_identification","precision_date","critere_identification","commentaire_esp_id"
"PROASELLUS_WALTERI|AUJAC_201407","16SProaF1","16Sbr","","Pwalteri|AUJAC_201407_H5ID","PROASELLUS_WALTERI|AUJAC_201407[A1]H5","A","A1","H5ID","","PROASELLUS_WALTERI","2014-07-21","J","M",""
"PROASELLUS_WALTERI|AUJAC_201407","COILCO1490","COIProaR1","","Pwalteri|AUJAC_201407_H5ID","PROASELLUS_WALTERI|AUJAC_201407[A1]H5","A","A1","H5ID","","PROASELLUS_WALTERI","2014-07-21","J","M",""
"PROASELLUS_WALTERI|AUJAC_201407","16SProaF1","16Sbr","","Pwalteri|AUJAC_201407_A6","PROASELLUS_WALTERI|AUJAC_201407[B1]A6","B","B1","A6","","PROASELLUS_WALTERI","2014-07-21","J","M",""
"PROASELLUS_WALTERI|AUJAC_201407","COILCO1490","COIPwaltR1","","Pwalteri|AUJAC_201407_A6","PROASELLUS_WALTERI|AUJAC_201407[B1]A6","B","B1","A6","","PROASELLUS_WALTERI","2014-07-21","J","M",""
"PROASELLUS_WALTERI|AUJAC_201407","16SProaF1","16Sbr","","Pwalteri|AUJAC_201407_D6","PROASELLUS_WALTERI|AUJAC_201407[B2]D6","B","B2","D6","","PROASELLUS_WALTERI","2014-07-21","J","M",""
"PROASELLUS_WALTERI|AZERGUES_200700","COIPwaltF1","COIHCO2198","","Pwalteri|AZERGUES_200700_2ID","PROASELLUS_WALTERI|AZERGUES_200700[1]PWAz2","A","1","2ID","","PROASELLUS_WALTERI","2010-04-01","M","M",""
"PROASELLUS_WALTERI|AZERGUES_200700","16SProaF1","16Sbr","","Pwalteri|AZERGUES_200700_2ID","PROASELLUS_WALTERI|AZERGUES_200700[1]PWAz2","A","1","2ID","","PROASELLUS_WALTERI","2010-04-01","M","M",""
"PROASELLUS_WALTERI|AZERGUES_200700","COIPwaltF1","COIHCO2198","","Pwalteri|AZERGUES_200700_1","PROASELLUS_WALTERI|AZERGUES_200700[B]PWAz1","B","B","1","","PROASELLUS_WALTERI","2007-04-30","J","M",""
"PROASELLUS_WALTERI|AZERGUES_200700","16SProaF1","16Sbr","","Pwalteri|AZERGUES_200700_1","PROASELLUS_WALTERI|AZERGUES_200700[B]PWAz1","B","B","1","","PROASELLUS_WALTERI","2007-04-30","J","M",""
"PROASELLUS_WALTERI|AZERGUES_200700","28Slev2","28Sdes1","","Pwalteri|AZERGUES_200700_1","PROASELLUS_WALTERI|AZERGUES_200700[B]PWAz1","B","B","1","","PROASELLUS_WALTERI","2007-04-30","J","M",""
"PROASELLUS_WALTERI|AZERGUES_200803","16SProaF1","16Sbr","","Pwalteri|AZERGUES_200803_1ID","PROASELLUS_WALTERI|AZERGUES_200803[1]PWB1","A","1","1ID","","PROASELLUS_WALTERI","2008-03-20","J","M",""
"PROASELLUS_WALTERI|BELMONT_200707","COILCO1490","COIHCO2198","","Pwalteri|BELMONT_200707_1ID","PROASELLUS_WALTERI|BELMONT_200707[10]PWBel1","A","10","1ID","","PROASELLUS_WALTERI","2007-07-23","J","M",""
"PROASELLUS_WALTERI|BELMONT_200707","16SarDr","16Sbr","","Pwalteri|BELMONT_200707_1ID","PROASELLUS_WALTERI|BELMONT_200707[10]PWBel1","A","10","1ID","","PROASELLUS_WALTERI","2007-07-23","J","M",""
"PROASELLUS_WALTERI|BELMONT_200707","28Slev2","28Sdes1","","Pwalteri|BELMONT_200707_1ID","PROASELLUS_WALTERI|BELMONT_200707[10]PWBel1","A","10","1ID","","PROASELLUS_WALTERI","2007-07-23","J","M",""
"PROASELLUS_WALTERI|BELMONT_200707","16SProaF1","16Sbr","","Pwalteri|BELMONT_200707_1msat","PROASELLUS_WALTERI|BELMONT_200707[INCONNU]PPWLOB1","INC","INCONNU","1msat","","PROASELLUS_WALTERI","2007-07-23","J","M",""
"PROASELLUS_WALTERI|BELMONT_200707","16SarDr","16SStenaR1","","Pwalteri|BELMONT_200707_2msat","PROASELLUS_WALTERI|BELMONT_200707[INCONNU]PPWLOB2","INC","INCONNU","2msat","","PROASELLUS_WALTERI","2007-07-23","J","M",""
"PROASELLUS_WALTERI|BELMONT_200707","16SProaF1","16Sbr","","Pwalteri|BELMONT_200707_3msat","PROASELLUS_WALTERI|BELMONT_200707[INCONNU]PPWLOB3","INC","INCONNU","3msat","","PROASELLUS_WALTERI","2007-07-23","J","M",""
"PROASELLUS_WALTERI|BELMONT_200707","16SarDr","16SStenaR1","","Pwalteri|BELMONT_200707_4msat","PROASELLUS_WALTERI|BELMONT_200707[INCONNU]PPWLOB4","INC","INCONNU","4msat","","PROASELLUS_WALTERI","2007-07-23","J","M",""
"PROASELLUS_WALTERI|BELMONT_200707","16SProaF1","16Sbr","","Pwalteri|BELMONT_200707_5msat","PROASELLUS_WALTERI|BELMONT_200707[INCONNU]PPWLOB5","INC","INCONNU","5msat","","PROASELLUS_WALTERI","2007-07-23","J","M",""
"PROASELLUS_WALTERI|BELMONT_200707","16SarDr","16SStenaR1","","Pwalteri|BELMONT_200707_6msat","PROASELLUS_WALTERI|BELMONT_200707[INCONNU]PPWLOB6","INC","INCONNU","6msat","","PROASELLUS_WALTERI","2007-07-23","J","M",""
"PROASELLUS_WALTERI|BELMONT_200707","16SProaF1","16Sbr","","Pwalteri|BELMONT_200707_7msat","PROASELLUS_WALTERI|BELMONT_200707[INCONNU]PPWLOB7","INC","INCONNU","7msat","","PROASELLUS_WALTERI","2007-07-23","J","M",""
"PROASELLUS_WALTERI|BELMONT_200707","16SarDr","16SStenaR1","","Pwalteri|BELMONT_200707_8msat","PROASELLUS_WALTERI|BELMONT_200707[INCONNU]PPWLOB8","INC","INCONNU","8msat","","PROASELLUS_WALTERI","2007-07-23","J","M",""
"PROASELLUS_WALTERI|BERTHEZE_201407","16SProaF1","16Sbr","","Pwalteri|BERTHEZE_201407_G4ID","PROASELLUS_WALTERI|BERTHEZE_201407[A1]G4","A","A1","G4ID","","PROASELLUS_WALTERI","2014-07-19","J","M",""
"PROASELLUS_WALTERI|BERTHEZE_201407","COIPwaltF1","COIHCO2198","","Pwalteri|BERTHEZE_201407_G4ID","PROASELLUS_WALTERI|BERTHEZE_201407[A1]G4","A","A1","G4ID","","PROASELLUS_WALTERI","2014-07-19","J","M",""
"PROASELLUS_WALTERI|BERTHEZE_201407","16SProaF1","16Sbr","","Pwalteri|BERTHEZE_201407_D5","PROASELLUS_WALTERI|BERTHEZE_201407[B1]D5","B","B1","D5","","PROASELLUS_WALTERI","2014-07-19","J","M",""
"PROASELLUS_WALTERI|BERTHEZE_201407","COILCO1490","COIPwaltR1","","Pwalteri|BERTHEZE_201407_D5","PROASELLUS_WALTERI|BERTHEZE_201407[B1]D5","B","B1","D5","","PROASELLUS_WALTERI","2014-07-19","J","M",""
"PROASELLUS_WALTERI|BERTHEZE_201407","16SProaF1","16Sbr","","Pwalteri|BERTHEZE_201407_E5","PROASELLUS_WALTERI|BERTHEZE_201407[B2]E5","B","B2","E5","","PROASELLUS_WALTERI","2014-07-19","J","M",""
"PROASELLUS_WALTERI|BERTHEZE_201407","COILCO1490","COIPwaltR1","","Pwalteri|BERTHEZE_201407_E5","PROASELLUS_WALTERI|BERTHEZE_201407[B2]E5","B","B2","E5","","PROASELLUS_WALTERI","2014-07-19","J","M",""
"PROASELLUS_WALTERI|BESSEGES_201407","16SProaF1","16Sbr","","Pwalteri|BESSEGES_201407_A1ID","PROASELLUS_WALTERI|BESSEGES_201407[A1]A1","A","A1","A1ID","","PROASELLUS_WALTERI","2014-07-21","J","M",""
"PROASELLUS_WALTERI|BESSEGES_201407","COIProaF1","COIHCO2198","","Pwalteri|BESSEGES_201407_A1ID","PROASELLUS_WALTERI|BESSEGES_201407[A1]A1","A","A1","A1ID","","PROASELLUS_WALTERI","2014-07-21","J","M",""
"PROASELLUS_WALTERI|BESSEGES_201407","16SProaF1","16Sbr","","Pwalteri|BESSEGES_201407_E2","PROASELLUS_WALTERI|BESSEGES_201407[B1]E2","B","B1","E2","","PROASELLUS_WALTERI","2014-07-21","J","M",""
"PROASELLUS_WALTERI|BESSEGES_201407","COIPwaltF1","COIHCO2198","","Pwalteri|BESSEGES_201407_E2","PROASELLUS_WALTERI|BESSEGES_201407[B1]E2","B","B1","E2","","PROASELLUS_WALTERI","2014-07-21","J","M",""
"PROASELLUS_WALTERI|BESSEGES_201407","16SProaF1","16Sbr","","Pwalteri|BESSEGES_201407_F2","PROASELLUS_WALTERI|BESSEGES_201407[B2]F2","B","B2","F2","","PROASELLUS_WALTERI","2014-07-21","J","M",""
"PROASELLUS_WALTERI|BESSEGES_201407","COIPwaltF1","COIHCO2198","","Pwalteri|BESSEGES_201407_F2","PROASELLUS_WALTERI|BESSEGES_201407[B2]F2","B","B2","F2","","PROASELLUS_WALTERI","2014-07-21","J","M",""
"PROASELLUS_WALTERI|BURKH1_201005","COIPsynaF1","COIHCO2198","","Psp|BURKH1_200905_3","PROASELLUS_WALTERI|BURKH1_201005[B5]PspBu3","B","B5","3","","PROASELLUS_WALTERI","2010-08-01","M","M","PAS DE LAME MONTEE POUR LE LOT AU QUEL APPARTIENT CET INDIVIDU"
"PROASELLUS_WALTERI|BURKH1_201005","16SarDr","16SStenaR1","","Psp|BURKH1_200905_3","PROASELLUS_WALTERI|BURKH1_201005[B5]PspBu3","B","B5","3","","PROASELLUS_WALTERI","2010-08-01","M","M","PAS DE LAME MONTEE POUR LE LOT AU QUEL APPARTIENT CET INDIVIDU"
"PROASELLUS_WALTERI|BURKH1_201005","28Slev2","28Sdes1","","Psp|BURKH1_200905_3","PROASELLUS_WALTERI|BURKH1_201005[B5]PspBu3","B","B5","3","","PROASELLUS_WALTERI","2010-08-01","M","M","PAS DE LAME MONTEE POUR LE LOT AU QUEL APPARTIENT CET INDIVIDU"
"PROASELLUS_WALTERI|BURKH1_201005","16SProaF1","16Sbr","","Psp|BURKH1_200905_1","PROASELLUS_WALTERI|BURKH1_201005[B3]PspBu1","B","B3","1","","PROASELLUS_WALTERI","2010-08-01","M","M","PAS DE LAME MONTEE POUR LE LOT AU QUEL APPARTIENT CET INDIVIDU"
"PROASELLUS_WALTERI|BURKH1_201005","COILCO1490","COIPwaltR1","","Psp|BURKH1_200905_1","PROASELLUS_WALTERI|BURKH1_201005[B3]PspBu1","B","B3","1","","PROASELLUS_WALTERI","2010-08-01","M","M","PAS DE LAME MONTEE POUR LE LOT AU QUEL APPARTIENT CET INDIVIDU"
"PROASELLUS_WALTERI|BURKH1_201005","28Slev2","28Sdes1","","Psp|BURKH1_200905_1","PROASELLUS_WALTERI|BURKH1_201005[B3]PspBu1","B","B3","1","","PROASELLUS_WALTERI","2010-08-01","M","M","PAS DE LAME MONTEE POUR LE LOT AU QUEL APPARTIENT CET INDIVIDU"
"PROASELLUS_WALTERI|BURKH1_201005","16SProaF1","16Sbr","","Psp|BURKH1_200905_2","PROASELLUS_WALTERI|BURKH1_201005[B4]PspBu2","B","B4","2","","PROASELLUS_WALTERI","2010-08-01","M","M","PAS DE LAME MONTEE POUR LE LOT AU QUEL APPARTIENT CET INDIVIDU"
"PROASELLUS_WALTERI|CEZEBAGN_201605","16SStenaF1","16Sbr","","Pwalteri|CEZEBAGN_201605_1ID","PROASELLUS_WALTERI|CEZEBAGN_201605[A1]PWZ1","A","A1","1ID","","PROASELLUS_WALTERI","2016-07-01","M","M",""
"PROASELLUS_WALTERI|CEZEBAGN_201605","COILKF1","COIHCO2198","","Pwalteri|CEZEBAGN_201605_1ID","PROASELLUS_WALTERI|CEZEBAGN_201605[A1]PWZ1","A","A1","1ID","","PROASELLUS_WALTERI","2016-07-01","M","M",""
"PROASELLUS_WALTERI|CEZEBAGN_201605","16SStenaF1","16Sbr","","Pwalteri|CEZEBAGN_201605_2","PROASELLUS_WALTERI|CEZEBAGN_201605[A2]PWZ2","A","A2","2","","PROASELLUS_WALTERI","2016-07-01","M","M",""
"PROASELLUS_WALTERI|CEZEBAGN_201605","16SarDr","16SStenaR1","","Pwalteri|CEZEBAGN_201605_3","PROASELLUS_WALTERI|CEZEBAGN_201605[A3]PWZ3","A","A3","3","","PROASELLUS_WALTERI","2016-07-01","M","M",""
"PROASELLUS_WALTERI|CEZEBAGN_201605","COILCO1490","COILKR3","","Pwalteri|CEZEBAGN_201605_3","PROASELLUS_WALTERI|CEZEBAGN_201605[A3]PWZ3","A","A3","3","","PROASELLUS_WALTERI","2016-07-01","M","M",""
"PROASELLUS_WALTERI|CHINIER_201407","16SProaF1","16Sbr","","Pwalteri|CHINIER_201407_B1ID","PROASELLUS_WALTERI|CHINIER_201407[A1]B1","A","A1","B1ID","","PROASELLUS_WALTERI","2014-07-19","J","M",""
"PROASELLUS_WALTERI|CHINIER_201407","COIProaF1","COIHCO2198","","Pwalteri|CHINIER_201407_B1ID","PROASELLUS_WALTERI|CHINIER_201407[A1]B1","A","A1","B1ID","","PROASELLUS_WALTERI","2014-07-19","J","M",""
"PROASELLUS_WALTERI|CHINIER_201407","AM4F2","AM4R2","","Pwalteri|CHINIER_201407_B1ID","PROASELLUS_WALTERI|CHINIER_201407[A1]B1","A","A1","B1ID","","PROASELLUS_WALTERI","2014-07-19","J","M",""
"PROASELLUS_WALTERI|CHINIER_201407","28SStenaF1a","28SStenaR1","","Pwalteri|CHINIER_201407_B1ID","PROASELLUS_WALTERI|CHINIER_201407[A1]B1","A","A1","B1ID","","PROASELLUS_WALTERI","2014-07-19","J","M",""
"PROASELLUS_WALTERI|CHINIER_201407","28Slev2","28Sdes1","","Pwalteri|CHINIER_201407_B1ID","PROASELLUS_WALTERI|CHINIER_201407[A1]B1","A","A1","B1ID","","PROASELLUS_WALTERI","2014-07-19","J","M",""
"PROASELLUS_WALTERI|CHINIER_201407","16SProaF1","16Sbr","","Pwalteri|CHINIER_201407_B3ID","PROASELLUS_WALTERI|CHINIER_201407[A2]B3","A","A2","B3ID","","PROASELLUS_WALTERI","2014-07-19","J","M",""
"PROASELLUS_WALTERI|CHINIER_201407","COIProaF1","COIHCO2198","","Pwalteri|CHINIER_201407_B3ID","PROASELLUS_WALTERI|CHINIER_201407[A2]B3","A","A2","B3ID","","PROASELLUS_WALTERI","2014-07-19","J","M",""
"PROASELLUS_WALTERI|CHINIER_201407","16SProaF1","16Sbr","","Pwalteri|CHINIER_201407_C3","PROASELLUS_WALTERI|CHINIER_201407[B1]C3","B","B1","C3","","PROASELLUS_WALTERI","2014-07-19","J","M",""
"PROASELLUS_WALTERI|CHINIER_201407","COILCO1490","COIPwaltR1","","Pwalteri|CHINIER_201407_C3","PROASELLUS_WALTERI|CHINIER_201407[B1]C3","B","B1","C3","","PROASELLUS_WALTERI","2014-07-19","J","M",""
"PROASELLUS_WALTERI|COLLIER_200804","COIPwaltF1","COIHCO2198","","Pwalteri|COLLIER_200804_1ID","PROASELLUS_WALTERI|COLLIER_200804[1]PWP1","A","1","1ID","","PROASELLUS_WALTERI","2008-04-16","J","M",""
"PROASELLUS_WALTERI|COLLIER_200804","28Slev2","28Sdes1","","Pwalteri|COLLIER_200804_1ID","PROASELLUS_WALTERI|COLLIER_200804[1]PWP1","A","1","1ID","","PROASELLUS_WALTERI","2008-04-16","J","M",""
"PROASELLUS_WALTERI|COLLIER_200804","16SProaF1","16Sbr","","Pwalteri|COLLIER_200804_1ID","PROASELLUS_WALTERI|COLLIER_200804[1]PWP1","A","1","1ID","","PROASELLUS_WALTERI","2008-04-16","J","M",""
"PROASELLUS_WALTERI|COLLIER_200804","COIPwaltF1","COIHCO2198","","Pwalteri|COLLIER_200804_2","PROASELLUS_WALTERI|COLLIER_200804[B]PWP2","B","B","2","","PROASELLUS_WALTERI","2008-04-16","J","M",""
"PROASELLUS_WALTERI|COLLIER_200804","16SProaF1","16Sbr","","Pwalteri|COLLIER_200804_2","PROASELLUS_WALTERI|COLLIER_200804[B]PWP2","B","B","2","","PROASELLUS_WALTERI","2008-04-16","J","M",""
"PROASELLUS_WALTERI|COLLIER_200804","COIPwaltF1","COIHCO2198","","Pwalteri|COLLIER_200804_3","PROASELLUS_WALTERI|COLLIER_200804[B]PWP3","B","B","3","","PROASELLUS_WALTERI","2008-04-16","J","M",""
"PROASELLUS_WALTERI|COLLIER_200804","16SProaF1","16Sbr","","Pwalteri|COLLIER_200804_3","PROASELLUS_WALTERI|COLLIER_200804[B]PWP3","B","B","3","","PROASELLUS_WALTERI","2008-04-16","J","M",""
"PROASELLUS_WALTERI|COQUILLE_200807","28Slev2","28Sdes1","","Pwalteri|COQUILLE_200807_1ID","PROASELLUS_WALTERI|COQUILLE_200807[1]PWC1","A","1","1ID","","PROASELLUS_WALTERI","2008-07-01","M","M",""
"PROASELLUS_WALTERI|COQUILLE_200807","COIPwaltF1","COIHCO2198","","Pwalteri|COQUILLE_200807_1ID","PROASELLUS_WALTERI|COQUILLE_200807[1]PWC1","A","1","1ID","","PROASELLUS_WALTERI","2008-07-01","M","M",""
"PROASELLUS_WALTERI|COQUILLE_200807","16SProaF1","16Sbr","","Pwalteri|COQUILLE_200807_1ID","PROASELLUS_WALTERI|COQUILLE_200807[1]PWC1","A","1","1ID","","PROASELLUS_WALTERI","2008-07-01","M","M",""
"PROASELLUS_WALTERI|COQUILLE_200807","16SProaF1","16Sbr","","Pwalteri|COQUILLE_200807_2ID","PROASELLUS_WALTERI|COQUILLE_200807[2]PWC2","A","2","2ID","","PROASELLUS_WALTERI","2008-07-01","M","M",""
"PROASELLUS_WALTERI|COQUILLE_200807","COIPwaltF1","COIHCO2198","","Pwalteri|COQUILLE_200807_2ID","PROASELLUS_WALTERI|COQUILLE_200807[2]PWC2","A","2","2ID","","PROASELLUS_WALTERI","2008-07-01","M","M",""
"PROASELLUS_WALTERI|COULAROU_201407","16SProaF1","16Sbr","","Pwalteri|COULAROU_201407_F1ID","PROASELLUS_WALTERI|COULAROU_201407[A1]F1","A","A1","F1ID","","PROASELLUS_WALTERI","2014-07-23","J","M",""
"PROASELLUS_WALTERI|COULAROU_201407","COILCO1490","COIPwaltR1","","Pwalteri|COULAROU_201407_F1ID","PROASELLUS_WALTERI|COULAROU_201407[A1]F1","A","A1","F1ID","","PROASELLUS_WALTERI","2014-07-23","J","M",""
"PROASELLUS_WALTERI|COULAROU_201407","16SProaF1","16Sbr","","Pwalteri|COULAROU_201407_E3","PROASELLUS_WALTERI|COULAROU_201407[B1]E3","B","B1","E3","","PROASELLUS_WALTERI","2014-07-23","J","M",""
"PROASELLUS_WALTERI|COULAROU_201407","COILCO1490","COIPwaltR1","","Pwalteri|COULAROU_201407_E3","PROASELLUS_WALTERI|COULAROU_201407[B1]E3","B","B1","E3","","PROASELLUS_WALTERI","2014-07-23","J","M",""
"PROASELLUS_WALTERI|COULAROU_201407","16SProaF1","16Sbr","","Pwalteri|COULAROU_201407_F3","PROASELLUS_WALTERI|COULAROU_201407[B2]F3","B","B2","F3","","PROASELLUS_WALTERI","2014-07-23","J","M",""
"PROASELLUS_WALTERI|COULAROU_201407","COIPwaltF1","COIHCO2198","","Pwalteri|COULAROU_201407_F3","PROASELLUS_WALTERI|COULAROU_201407[B2]F3","B","B2","F3","","PROASELLUS_WALTERI","2014-07-23","J","M",""
"PROASELLUS_WALTERI|CZ03CEZE_201307","16SarDr","16SStenaR1","","Pwalteri|CZ03CEZE_201307_1ID","PROASELLUS_WALTERI|CZ03CEZE_201307[A1]PWCe1","A","A1","1ID","","PROASELLUS_WALTERI","2014-05-01","M","M",""
"PROASELLUS_WALTERI|CZ03CEZE_201307","16SarDr","16SStenaR1","","Pwalteri|CZ03CEZE_201307_2ID","PROASELLUS_WALTERI|CZ03CEZE_201307[A1]PWCe2","A","A1","2ID","","PROASELLUS_WALTERI","2014-05-01","M","M",""
"PROASELLUS_WALTERI|CZ14CEZE_201307","16SProaF1","16Sbr","","Pwalteri|CZ14CEZE_201307_3ID","PROASELLUS_WALTERI|CZ14CEZE_201307[A2]PWCe3","A","A2","3ID","","PROASELLUS_WALTERI","2014-05-01","M","M",""
"PROASELLUS_WALTERI|CZ14CEZE_201307","16SStenaF1","16SStenaR1","","Pwalteri|CZ14CEZE_201307_5ID","PROASELLUS_WALTERI|CZ14CEZE_201307[A1]PWCe5","A","A1","5ID","","PROASELLUS_WALTERI","2014-05-01","M","M",""
"PROASELLUS_WALTERI|CZ25CEZE_201307","16SStenaF1","16SStenaR1","","Pwalteri|CZ25CEZE_201307_4ID","PROASELLUS_WALTERI|CZ25CEZE_201307[A1]PWCe4","A","A1","4ID","","PROASELLUS_WALTERI","2014-05-01","M","M",""
"PROASELLUS_WALTERI|CZ25CEZE_201307","16SProaF1","16Sbr","","Pwalteri|CZ25CEZE_201307_4ID","PROASELLUS_WALTERI|CZ25CEZE_201307[A1]PWCe4","A","A1","4ID","","PROASELLUS_WALTERI","2014-05-01","M","M",""
"PROASELLUS_WALTERI|DROAOUST_201103","COIPwaltF1","COIHCO2198","","Pwalteri|DROAOUST_201103_15","PROASELLUS_WALTERI|DROAOUST_201103[INCONNU]PWDAO15","IND","INCONNU","15","BANC 2","PROASELLUS_WALTERI","2011-04-01","M","M","PAS DE LAME MONTEE POUR LE LOT AU QUEL APPARTIENT CET INDIVIDU"
"PROASELLUS_WALTERI|DROAOUST_201103","16SStenaF1","16Sbr","","Pwalteri|DROAOUST_201103_15","PROASELLUS_WALTERI|DROAOUST_201103[INCONNU]PWDAO15","IND","INCONNU","15","BANC 2","PROASELLUS_WALTERI","2011-04-01","M","M","PAS DE LAME MONTEE POUR LE LOT AU QUEL APPARTIENT CET INDIVIDU"
"PROASELLUS_WALTERI|DROAOUST_201103","28Slev2","28Sdes1","","Pwalteri|DROAOUST_201103_16","PROASELLUS_WALTERI|DROAOUST_201103[INCONNU]PWDAO16","IND","INCONNU","16","BANC 3","PROASELLUS_WALTERI","2011-04-01","M","M","PAS DE LAME MONTEE POUR LE LOT AU QUEL APPARTIENT CET INDIVIDU"
"PROASELLUS_WALTERI|DROBEAUR_201204","16SProaF1","16Sbr","","Pwalteri|DROBEAUR_201204_W0748","PROASELLUS_WALTERI|DROBEAUR_201204[INCONNU]W0748","IND","INCONNU","W0748","individu entier utilise pour ADN","PROASELLUS_WALTERI","2012-06-01","M","M","PAS DE LAME MONTEE POUR LE LOT AU QUEL APPARTIENT CET INDIVIDU"
"PROASELLUS_WALTERI|DROBEAUR_201204","16SarDr","16SStenaR1","","Pwalteri|DROBEAUR_201204_W0748","PROASELLUS_WALTERI|DROBEAUR_201204[INCONNU]W0748","IND","INCONNU","W0748","individu entier utilise pour ADN","PROASELLUS_WALTERI","2012-06-01","M","M","PAS DE LAME MONTEE POUR LE LOT AU QUEL APPARTIENT CET INDIVIDU"
"PROASELLUS_WALTERI|DROBEAUR_201204","COILCO1490","COIProaR1","","Pwalteri|DROBEAUR_201204_W0748","PROASELLUS_WALTERI|DROBEAUR_201204[INCONNU]W0748","IND","INCONNU","W0748","individu entier utilise pour ADN","PROASELLUS_WALTERI","2012-06-01","M","M","PAS DE LAME MONTEE POUR LE LOT AU QUEL APPARTIENT CET INDIVIDU"
"PROASELLUS_WALTERI|DROBEAUR_201204","COIStenaF1","COIHCO2198","","Pwalteri|DROBEAUR_201204_W0748","PROASELLUS_WALTERI|DROBEAUR_201204[INCONNU]W0748","IND","INCONNU","W0748","individu entier utilise pour ADN","PROASELLUS_WALTERI","2012-06-01","M","M","PAS DE LAME MONTEE POUR LE LOT AU QUEL APPARTIENT CET INDIVIDU"
"PROASELLUS_WALTERI|DROBEAUR_201204","AM4F4","AM4R6","","Pwalteri|DROBEAUR_201204_W0748","PROASELLUS_WALTERI|DROBEAUR_201204[INCONNU]W0748","IND","INCONNU","W0748","individu entier utilise pour ADN","PROASELLUS_WALTERI","2012-06-01","M","M","PAS DE LAME MONTEE POUR LE LOT AU QUEL APPARTIENT CET INDIVIDU"
"PROASELLUS_WALTERI|DROBEAUR_201204","28Slev2","28Sdes1","","Pwalteri|DROBEAUR_201204_W0748","PROASELLUS_WALTERI|DROBEAUR_201204[INCONNU]W0748","IND","INCONNU","W0748","individu entier utilise pour ADN","PROASELLUS_WALTERI","2012-06-01","M","M","PAS DE LAME MONTEE POUR LE LOT AU QUEL APPARTIENT CET INDIVIDU"
"PROASELLUS_WALTERI|DROBEAUR_201204","16SarDr","16SStenaR1","","Pwalteri|DROBEAUR_201204_W0756","PROASELLUS_WALTERI|DROBEAUR_201204[INCONNU]W0756","IND","INCONNU","W0756","individu entier utilise pour ADN","PROASELLUS_WALTERI","2012-06-01","M","M","PAS DE LAME MONTEE POUR LE LOT AU QUEL APPARTIENT CET INDIVIDU"
"PROASELLUS_WALTERI|DROEURRE_201204","16SarDr","16SStenaR1","","Pwalteri|DROEURRE_201204_W0848","PROASELLUS_WALTERI|DROEURRE_201204[INCONNU]W0848","IND","INCONNU","W0848","","PROASELLUS_WALTERI","2012-06-01","M","M","PAS DE LAME MONTEE POUR LE LOT AU QUEL APPARTIENT CET INDIVIDU"
"PROASELLUS_WALTERI|DROEURRE_201204","COILCO1490","COIProaR1","","Pwalteri|DROEURRE_201204_W0848","PROASELLUS_WALTERI|DROEURRE_201204[INCONNU]W0848","IND","INCONNU","W0848","","PROASELLUS_WALTERI","2012-06-01","M","M","PAS DE LAME MONTEE POUR LE LOT AU QUEL APPARTIENT CET INDIVIDU"
"PROASELLUS_WALTERI|DROEURRE_201204","COILCO1490","COIPcavaR1","","Pwalteri|DROEURRE_201204_W0848","PROASELLUS_WALTERI|DROEURRE_201204[INCONNU]W0848","IND","INCONNU","W0848","","PROASELLUS_WALTERI","2012-06-01","M","M","PAS DE LAME MONTEE POUR LE LOT AU QUEL APPARTIENT CET INDIVIDU"
"PROASELLUS_WALTERI|DROEURRE_201204","AM4F2","AM4R2","","Pwalteri|DROEURRE_201204_W0848","PROASELLUS_WALTERI|DROEURRE_201204[INCONNU]W0848","IND","INCONNU","W0848","","PROASELLUS_WALTERI","2012-06-01","M","M","PAS DE LAME MONTEE POUR LE LOT AU QUEL APPARTIENT CET INDIVIDU"
"PROASELLUS_WALTERI|DROEURRE_201204","28Slev2","28Sdes1","","Pwalteri|DROEURRE_201204_W0848","PROASELLUS_WALTERI|DROEURRE_201204[INCONNU]W0848","IND","INCONNU","W0848","","PROASELLUS_WALTERI","2012-06-01","M","M","PAS DE LAME MONTEE POUR LE LOT AU QUEL APPARTIENT CET INDIVIDU"
"PROASELLUS_WALTERI|DROEURRE_201204","16SProaF1","16Sbr","","Pwalteri|DROEURRE_201204_W0806","PROASELLUS_WALTERI|DROEURRE_201204[INCONNU]W0806","INC","INCONNU","W0806","","PROASELLUS_WALTERI","2012-06-01","M","M","PAS DE LAME MONTEE POUR LE LOT AU QUEL APPARTIENT CET INDIVIDU"
"PROASELLUS_WALTERI|DROEURRE_201204","COIProaF2","COIHCO2198","","Pwalteri|DROEURRE_201204_W0806","PROASELLUS_WALTERI|DROEURRE_201204[INCONNU]W0806","INC","INCONNU","W0806","","PROASELLUS_WALTERI","2012-06-01","M","M","PAS DE LAME MONTEE POUR LE LOT AU QUEL APPARTIENT CET INDIVIDU"
"PROASELLUS_WALTERI|DROEURRE_201204","16SProaF1","16Sbr","","Pwalteri|DROEURRE_201204_W0798","PROASELLUS_WALTERI|DROEURRE_201204[INCONNU]W0798","INC","INCONNU","W0798","","PROASELLUS_WALTERI","2012-06-01","M","M","PAS DE LAME MONTEE POUR LE LOT AU QUEL APPARTIENT CET INDIVIDU"
"PROASELLUS_WALTERI|DROEURRE_201204","COIPwaltF1","COIHCO2198","","Pwalteri|DROEURRE_201204_W0798","PROASELLUS_WALTERI|DROEURRE_201204[INCONNU]W0798","INC","INCONNU","W0798","","PROASELLUS_WALTERI","2012-06-01","M","M","PAS DE LAME MONTEE POUR LE LOT AU QUEL APPARTIENT CET INDIVIDU"
"PROASELLUS_WALTERI|DROLABAT_201004","16SProaF1","16Sbr","","Pwalteri|DROLABAT_201004_1","PROASELLUS_WALTERI|DROLABAT_201004[1]PWDLB1","A","1","1","","PROASELLUS_WALTERI","2010-05-01","M","M","PAS DE LAME MONTEE POUR LE LOT AU QUEL APPARTIENT CET INDIVIDU"
"PROASELLUS_WALTERI|DROLABAT_201004","COIPwaltF1","COIHCO2198","","Pwalteri|DROLABAT_201004_1","PROASELLUS_WALTERI|DROLABAT_201004[1]PWDLB1","A","1","1","","PROASELLUS_WALTERI","2010-05-01","M","M","PAS DE LAME MONTEE POUR LE LOT AU QUEL APPARTIENT CET INDIVIDU"
"PROASELLUS_WALTERI|DROLABAT_201004","28Slev2","28Sdes1","","Pwalteri|DROLABAT_201004_1","PROASELLUS_WALTERI|DROLABAT_201004[1]PWDLB1","A","1","1","","PROASELLUS_WALTERI","2010-05-01","M","M","PAS DE LAME MONTEE POUR LE LOT AU QUEL APPARTIENT CET INDIVIDU"
"PROASELLUS_WALTERI|DROLABAT_201004","AM4F2","AM4R1","","Pwalteri|DROLABAT_201004_1","PROASELLUS_WALTERI|DROLABAT_201004[1]PWDLB1","A","1","1","","PROASELLUS_WALTERI","2010-05-01","M","M","PAS DE LAME MONTEE POUR LE LOT AU QUEL APPARTIENT CET INDIVIDU"
"PROASELLUS_WALTERI|DROLABAT_201004","COIPwaltF1","COIHCO2198","","Pwalteri|DROLABAT_201004_2","PROASELLUS_WALTERI|DROLABAT_201004[B]PWDLB2","B","B","2","","PROASELLUS_WALTERI","2010-05-01","M","M","PAS DE LAME MONTEE POUR LE LOT AU QUEL APPARTIENT CET INDIVIDU"
"PROASELLUS_WALTERI|DROLIVRO_201004","16SProaF1","16Sbr","","Pwalteri|DROLIVRO_201004_1","PROASELLUS_WALTERI|DROLIVRO_201004[1]PWDLI1","A","1","1","","PROASELLUS_WALTERI","2010-05-01","M","M",""
"PROASELLUS_WALTERI|DROLIVRO_201004","28Slev2","28Sdes1","","Pwalteri|DROLIVRO_201004_1","PROASELLUS_WALTERI|DROLIVRO_201004[1]PWDLI1","A","1","1","","PROASELLUS_WALTERI","2010-05-01","M","M",""
"PROASELLUS_WALTERI|DROLIVRO_201004","28Slev2","28Sdes1","","Pwalteri|DROLIVRO_201004_1","PROASELLUS_WALTERI|DROLIVRO_201004[1]PWDLI1","A","1","1","","PROASELLUS_WALTERI","2010-05-01","M","M",""
"PROASELLUS_WALTERI|DROLIVRO_201004","COIPwaltF1","COIHCO2198","","Pwalteri|DROLIVRO_201004_1","PROASELLUS_WALTERI|DROLIVRO_201004[1]PWDLI1","A","1","1","","PROASELLUS_WALTERI","2010-05-01","M","M",""
"PROASELLUS_WALTERI|DROLIVRO_201004","COIPcavaF1","COIHCO2198","","Pwalteri|DROLIVRO_201004_2","PROASELLUS_WALTERI|DROLIVRO_201004[B]PWDLI2","B","B","2","","PROASELLUS_WALTERI","2010-05-01","M","M",""
"PROASELLUS_WALTERI|DROLIVRO_201103","16SProaF1","16Sbr","","Pwalteri|DROLIVRO_201103_16","PROASELLUS_WALTERI|DROLIVRO_201103[INCONNU]PWDLI16","IND","INCONNU","16","BANC 2","PROASELLUS_WALTERI","2011-04-01","M","M","PAS DE LAME MONTEE POUR LE LOT AU QUEL APPARTIENT CET INDIVIDU"
"PROASELLUS_WALTERI|ENTRECHA_201007","16SarDr","16SStenaR1","","Pwalteri|ENTRECHA_201007_2","PROASELLUS_WALTERI|ENTRECHA_201007[INCONNU]PWOE2","IND","INCONNU","2","","PROASELLUS_WALTERI","2011-04-01","M","M","PAS DE LAME MONTEE POUR LE LOT AU QUEL APPARTIENT CET INDIVIDU"
"PROASELLUS_WALTERI|ENTRECHA_201007","COIPwaltF1","COIHCO2198","","Pwalteri|ENTRECHA_201007_2","PROASELLUS_WALTERI|ENTRECHA_201007[INCONNU]PWOE2","IND","INCONNU","2","","PROASELLUS_WALTERI","2011-04-01","M","M","PAS DE LAME MONTEE POUR LE LOT AU QUEL APPARTIENT CET INDIVIDU"
"PROASELLUS_WALTERI|ENTRECHA_201007","28Slev2","28Sdes1","","Pwalteri|ENTRECHA_201007_2","PROASELLUS_WALTERI|ENTRECHA_201007[INCONNU]PWOE2","IND","INCONNU","2","","PROASELLUS_WALTERI","2011-04-01","M","M","PAS DE LAME MONTEE POUR LE LOT AU QUEL APPARTIENT CET INDIVIDU"
"PROASELLUS_WALTERI|EYGUESVE_201002","16SProaF1","16Sbr","","Pwalteri|eyguesve_201002_1ID","PROASELLUS_WALTERI|EYGUESVE_201002[1]PWE1","A","1","1ID","","PROASELLUS_WALTERI","2010-03-01","M","M","PAS DE LAME MONTEE POUR LE LOT AU QUEL APPARTIENT CET INDIVIDU"
"PROASELLUS_WALTERI|EYGUESVE_201002","28Slev2","28Sdes1","","Pwalteri|eyguesve_201002_1ID","PROASELLUS_WALTERI|EYGUESVE_201002[1]PWE1","A","1","1ID","","PROASELLUS_WALTERI","2010-03-01","M","M","PAS DE LAME MONTEE POUR LE LOT AU QUEL APPARTIENT CET INDIVIDU"
"PROASELLUS_WALTERI|EYGUESVE_201002","28SStenaF1a","28SStenaR1","","Pwalteri|eyguesve_201002_1ID","PROASELLUS_WALTERI|EYGUESVE_201002[1]PWE1","A","1","1ID","","PROASELLUS_WALTERI","2010-03-01","M","M","PAS DE LAME MONTEE POUR LE LOT AU QUEL APPARTIENT CET INDIVIDU"
"PROASELLUS_WALTERI|EYGUESVE_201002","COIPwaltF1","COIHCO2198","","Pwalteri|eyguesve_201002_1ID","PROASELLUS_WALTERI|EYGUESVE_201002[1]PWE1","A","1","1ID","","PROASELLUS_WALTERI","2010-03-01","M","M","PAS DE LAME MONTEE POUR LE LOT AU QUEL APPARTIENT CET INDIVIDU"
"PROASELLUS_WALTERI|EYGUESVE_201002","16SarDr","16SStenaR1","","Pwalteri|eyguesve_201002_2","PROASELLUS_WALTERI|EYGUESVE_201002[B]PWE2","B","B","2","","PROASELLUS_WALTERI","2010-03-01","M","M","PAS DE LAME MONTEE POUR LE LOT AU QUEL APPARTIENT CET INDIVIDU"
"PROASELLUS_WALTERI|EYGUESVE_201002","COIPwaltF1","COIHCO2198","","Pwalteri|eyguesve_201002_2","PROASELLUS_WALTERI|EYGUESVE_201002[B]PWE2","B","B","2","","PROASELLUS_WALTERI","2010-03-01","M","M","PAS DE LAME MONTEE POUR LE LOT AU QUEL APPARTIENT CET INDIVIDU"
"PROASELLUS_WALTERI|FALGIERE_201407","16SProaF1","16Sbr","","Pwalteri|FALGIERE_201407_H4ID","PROASELLUS_WALTERI|FALGIERE_201407[A1]H4","A","A1","H4ID","","PROASELLUS_WALTERI","2014-07-22","J","M",""
"PROASELLUS_WALTERI|FALGIERE_201407","COIProaF1","COIHCO2198","","Pwalteri|FALGIERE_201407_H4ID","PROASELLUS_WALTERI|FALGIERE_201407[A1]H4","A","A1","H4ID","","PROASELLUS_WALTERI","2014-07-22","J","M",""
"PROASELLUS_WALTERI|FALGIERE_201407","AM4F2","AM4R2","","Pwalteri|FALGIERE_201407_F5","PROASELLUS_WALTERI|FALGIERE_201407[B1]F5","B","B1","F5","","PROASELLUS_WALTERI","2014-07-22","J","M",""
"PROASELLUS_WALTERI|FALGIERE_201407","AM4F2","AM4R1","","Pwalteri|FALGIERE_201407_F5","PROASELLUS_WALTERI|FALGIERE_201407[B1]F5","B","B1","F5","","PROASELLUS_WALTERI","2014-07-22","J","M",""
"PROASELLUS_WALTERI|FALGIERE_201407","16SProaF1","16Sbr","","Pwalteri|FALGIERE_201407_F5","PROASELLUS_WALTERI|FALGIERE_201407[B1]F5","B","B1","F5","","PROASELLUS_WALTERI","2014-07-22","J","M",""
"PROASELLUS_WALTERI|FALGIERE_201407","16SarDr","16SStenaR1","","Pwalteri|FALGIERE_201407_F5","PROASELLUS_WALTERI|FALGIERE_201407[B1]F5","B","B1","F5","","PROASELLUS_WALTERI","2014-07-22","J","M",""
"PROASELLUS_WALTERI|FALGIERE_201407","COILCO1490","COIPcavaR1","","Pwalteri|FALGIERE_201407_F5","PROASELLUS_WALTERI|FALGIERE_201407[B1]F5","B","B1","F5","","PROASELLUS_WALTERI","2014-07-22","J","M",""
"PROASELLUS_WALTERI|FALGIERE_201407","COIStenaF1","COIHCO2198","","Pwalteri|FALGIERE_201407_F5","PROASELLUS_WALTERI|FALGIERE_201407[B1]F5","B","B1","F5","","PROASELLUS_WALTERI","2014-07-22","J","M",""
"PROASELLUS_WALTERI|FALGIERE_201407","28SStenaF1a","28SStenaR1","","Pwalteri|FALGIERE_201407_F5","PROASELLUS_WALTERI|FALGIERE_201407[B1]F5","B","B1","F5","","PROASELLUS_WALTERI","2014-07-22","J","M",""
"PROASELLUS_WALTERI|FALGIERE_201407","28Slev2","28Sdes1","","Pwalteri|FALGIERE_201407_F5","PROASELLUS_WALTERI|FALGIERE_201407[B1]F5","B","B1","F5","","PROASELLUS_WALTERI","2014-07-22","J","M",""
"PROASELLUS_WALTERI|FALGIERE_201407","16SProaF1","16Sbr","","Pwalteri|FALGIERE_201407_G5","PROASELLUS_WALTERI|FALGIERE_201407[B2]G5","B","B2","G5","","PROASELLUS_WALTERI","2014-07-22","J","M",""
"PROASELLUS_WALTERI|FALGIERE_201407","COIPwaltF1","COIHCO2198","","Pwalteri|FALGIERE_201407_G5","PROASELLUS_WALTERI|FALGIERE_201407[B2]G5","B","B2","G5","","PROASELLUS_WALTERI","2014-07-22","J","M",""
"PROASELLUS_WALTERI|HASPIRAN_201609","16SarDr","16SStenaR1","","Pwalteri|HASPIRAN_201609_1ID","PROASELLUS_WALTERI|HASPIRAN_201609[A1]PWHa1","A","A1","1ID","","PROASELLUS_WALTERI","2016-12-01","M","M",""
"PROASELLUS_WALTERI|HASPIRAN_201609","COILKF1","COIHCO2198","","Pwalteri|HASPIRAN_201609_1ID","PROASELLUS_WALTERI|HASPIRAN_201609[A1]PWHa1","A","A1","1ID","","PROASELLUS_WALTERI","2016-12-01","M","M",""
"PROASELLUS_WALTERI|HASPIRAN_201609","16SStenaF1","16Sbr","","Pwalteri|HASPIRAN_201609_2","PROASELLUS_WALTERI|HASPIRAN_201609[A2]PWHa2","A","A2","2","","PROASELLUS_WALTERI","2016-12-01","M","M",""
"PROASELLUS_WALTERI|HASPIRAN_201609","16SStenaF1","16Sbr","","Pwalteri|HASPIRAN_201609_3","PROASELLUS_WALTERI|HASPIRAN_201609[B2]PWHa3","B","B2","3","","PROASELLUS_WALTERI","2016-12-01","M","M",""
"PROASELLUS_WALTERI|HBUGUEIR_201609","16SStenaF1","16Sbr","","Pwalteri|HBUGUEIR_201609_1ID","PROASELLUS_WALTERI|HBUGUEIR_201609[A1]PWHb1","A","A1","1ID","","PROASELLUS_WALTERI","2016-12-01","M","M",""
"PROASELLUS_WALTERI|HBUGUEIR_201609","COILKF1","COIHCO2198","","Pwalteri|HBUGUEIR_201609_1ID","PROASELLUS_WALTERI|HBUGUEIR_201609[A1]PWHb1","A","A1","1ID","","PROASELLUS_WALTERI","2016-12-01","M","M",""
"PROASELLUS_WALTERI|HBUGUEIR_201609","16SStenaF1","16Sbr","","Pwalteri|HBUGUEIR_201609_2","PROASELLUS_WALTERI|HBUGUEIR_201609[A2]PWHb2","A","A2","2","","PROASELLUS_WALTERI","2016-12-01","M","M",""
"PROASELLUS_WALTERI|HBUGUEIR_201609","16SarDr","16SStenaR1","","Pwalteri|HBUGUEIR_201609_3","PROASELLUS_WALTERI|HBUGUEIR_201609[A3]PWHb3","A","A3","3","","PROASELLUS_WALTERI","2016-12-01","M","M",""
"PROASELLUS_WALTERI|HBUGUEIR_201609","COILKF0","COILKR3b","","Pwalteri|HBUGUEIR_201609_3","PROASELLUS_WALTERI|HBUGUEIR_201609[A3]PWHb3","A","A3","3","","PROASELLUS_WALTERI","2016-12-01","M","M",""
"PROASELLUS_WALTERI|HBUGUEIR_201609","COIPwaltF1","COIHCO2198","","Pwalteri|HBUGUEIR_201609_3","PROASELLUS_WALTERI|HBUGUEIR_201609[A3]PWHb3","A","A3","3","","PROASELLUS_WALTERI","2016-12-01","M","M",""
"PROASELLUS_WALTERI|HCOLLIAS_201605","16SarDr","16SStenaR1","","Pwalteri|HCOLLIAS_201605_1ID","PROASELLUS_WALTERI|HCOLLIAS_201605[A1]PWHc1","A","A1","1ID","","PROASELLUS_WALTERI","2016-07-01","M","M",""
"PROASELLUS_WALTERI|HCOLLIAS_201605","COILKF0","COILKR3","","Pwalteri|HCOLLIAS_201605_1ID","PROASELLUS_WALTERI|HCOLLIAS_201605[A1]PWHc1","A","A1","1ID","","PROASELLUS_WALTERI","2016-07-01","M","M",""
"PROASELLUS_WALTERI|HCOLLIAS_201605","16SarDr","16SStenaR1","","Pwalteri|HCOLLIAS_201605_2","PROASELLUS_WALTERI|HCOLLIAS_201605[A2]PWHc2","A","A2","2","","PROASELLUS_WALTERI","2016-07-01","M","M",""
"PROASELLUS_WALTERI|HCOLLIAS_201605","16SStenaF1","16Sbr","","Pwalteri|HCOLLIAS_201605_2","PROASELLUS_WALTERI|HCOLLIAS_201605[A2]PWHc2","A","A2","2","","PROASELLUS_WALTERI","2016-07-01","M","M",""
"PROASELLUS_WALTERI|HCOLLIAS_201605","16SStenaF1","16Sbr","","Pwalteri|HCOLLIAS_201605_2","PROASELLUS_WALTERI|HCOLLIAS_201605[A2]PWHc2","A","A2","2","","PROASELLUS_WALTERI","2016-07-01","M","M",""
"PROASELLUS_WALTERI|HCOLLIAS_201605","COILKF0","COILKR3","","Pwalteri|HCOLLIAS_201605_2","PROASELLUS_WALTERI|HCOLLIAS_201605[A2]PWHc2","A","A2","2","","PROASELLUS_WALTERI","2016-07-01","M","M",""
"PROASELLUS_WALTERI|HCOLLIAS_201605","COILKF3","COILKR1","","Pwalteri|HCOLLIAS_201605_2","PROASELLUS_WALTERI|HCOLLIAS_201605[A2]PWHc2","A","A2","2","","PROASELLUS_WALTERI","2016-07-01","M","M",""
"PROASELLUS_WALTERI|HCOLLIAS_201605","16SStenaF1","16Sbr","","Pwalteri|HCOLLIAS_201605_3","PROASELLUS_WALTERI|HCOLLIAS_201605[A3]PWHc3","A","A3","3","","PROASELLUS_WALTERI","2016-07-01","M","M",""
"PROASELLUS_WALTERI|HCOLLIAS_201605","COILKF0","COILKR3","","Pwalteri|HCOLLIAS_201605_3","PROASELLUS_WALTERI|HCOLLIAS_201605[A3]PWHc3","A","A3","3","","PROASELLUS_WALTERI","2016-07-01","M","M",""
"PROASELLUS_WALTERI|HCOLLIAS_201605","COILKF3","COILKR1","","Pwalteri|HCOLLIAS_201605_3","PROASELLUS_WALTERI|HCOLLIAS_201605[A3]PWHc3","A","A3","3","","PROASELLUS_WALTERI","2016-07-01","M","M",""
"PROASELLUS_WALTERI|HISSENAC_201609","16SarDr","16SStenaR1","","Pwalteri|HISSENAC_201609_1ID","PROASELLUS_WALTERI|HISSENAC_201609[A1]PWHi1","A","A1","1ID","","PROASELLUS_WALTERI","2016-12-01","M","M",""
"PROASELLUS_WALTERI|HISSENAC_201609","COILKF1","COILKR1","","Pwalteri|HISSENAC_201609_1ID","PROASELLUS_WALTERI|HISSENAC_201609[A1]PWHi1","A","A1","1ID","","PROASELLUS_WALTERI","2016-12-01","M","M",""
"PROASELLUS_WALTERI|HISSENAC_201609","COILKF3","COILKR1","","Pwalteri|HISSENAC_201609_1ID","PROASELLUS_WALTERI|HISSENAC_201609[A1]PWHi1","A","A1","1ID","","PROASELLUS_WALTERI","2016-12-01","M","M",""
"PROASELLUS_WALTERI|HISSENAC_201609","COIStenaF1","COIHCO2198","","Pwalteri|HISSENAC_201609_1ID","PROASELLUS_WALTERI|HISSENAC_201609[A1]PWHi1","A","A1","1ID","","PROASELLUS_WALTERI","2016-12-01","M","M",""
"PROASELLUS_WALTERI|HISSENAC_201609","16SarDr","16SStenaR1","","Pwalteri|HISSENAC_201609_2","PROASELLUS_WALTERI|HISSENAC_201609[A2]PWHi2","A","A2","2","","PROASELLUS_WALTERI","2016-12-01","M","M",""
"PROASELLUS_WALTERI|HISSENAC_201609","16SStenaF1","16Sbr","","Pwalteri|HISSENAC_201609_3","PROASELLUS_WALTERI|HISSENAC_201609[A3]PWHi3","A","A3","3","","PROASELLUS_WALTERI","2016-12-01","M","M",""
"PROASELLUS_WALTERI|HISSENAC_201609","COIPwaltF1","COIHCO2198","","Pwalteri|HISSENAC_201609_3","PROASELLUS_WALTERI|HISSENAC_201609[A3]PWHi3","A","A3","3","","PROASELLUS_WALTERI","2016-12-01","M","M",""
"PROASELLUS_WALTERI|HMASCAIN_201605","16SarDr","16SStenaR1","","Pwalteri|HMASCAIN_201605_1ID","PROASELLUS_WALTERI|HMASCAIN_201605[A1]PWHm1","A","A1","1ID","","PROASELLUS_WALTERI","2016-06-01","M","M",""
"PROASELLUS_WALTERI|HMASCAIN_201605","COILKF0","COILKR3","","Pwalteri|HMASCAIN_201605_1ID","PROASELLUS_WALTERI|HMASCAIN_201605[A1]PWHm1","A","A1","1ID","","PROASELLUS_WALTERI","2016-06-01","M","M",""
"PROASELLUS_WALTERI|HMASCAIN_201605","COILKF3","COILKR1","","Pwalteri|HMASCAIN_201605_1ID","PROASELLUS_WALTERI|HMASCAIN_201605[A1]PWHm1","A","A1","1ID","","PROASELLUS_WALTERI","2016-06-01","M","M",""
"PROASELLUS_WALTERI|HMASCAIN_201605","16SStenaF1","16Sbr","","Pwalteri|HMASCAIN_201605_2ID","PROASELLUS_WALTERI|HMASCAIN_201605[A2]PWHm2","A","A2","2ID","","PROASELLUS_WALTERI","2016-06-01","M","M",""
"PROASELLUS_WALTERI|HMASCAIN_201605","16SStenaF1","16Sbr","","Pwalteri|HMASCAIN_201605_2ID","PROASELLUS_WALTERI|HMASCAIN_201605[A2]PWHm2","A","A2","2ID","","PROASELLUS_WALTERI","2016-06-01","M","M",""
"PROASELLUS_WALTERI|HMASCAIN_201605","16SarDr","16SStenaR1","","Pwalteri|HMASCAIN_201605_2ID","PROASELLUS_WALTERI|HMASCAIN_201605[A2]PWHm2","A","A2","2ID","","PROASELLUS_WALTERI","2016-06-01","M","M",""
"PROASELLUS_WALTERI|HMASCAIN_201605","COILKF1","COIHCO2198","","Pwalteri|HMASCAIN_201605_2ID","PROASELLUS_WALTERI|HMASCAIN_201605[A2]PWHm2","A","A2","2ID","","PROASELLUS_WALTERI","2016-06-01","M","M",""
"PROASELLUS_WALTERI|HMASCAIN_201605","COILKF0","COILKR2","","Pwalteri|HMASCAIN_201605_2ID","PROASELLUS_WALTERI|HMASCAIN_201605[A2]PWHm2","A","A2","2ID","","PROASELLUS_WALTERI","2016-06-01","M","M",""
"PROASELLUS_WALTERI|HMASCAIN_201605","16SarDr","16SStenaR1","","Pwalteri|HMASCAIN_201605_3","PROASELLUS_WALTERI|HMASCAIN_201605[A3]PWHm3","A","A3","3","","PROASELLUS_WALTERI","2016-06-01","M","M",""
"PROASELLUS_WALTERI|HMASCAIN_201605","COILKF0","COILKR3","","Pwalteri|HMASCAIN_201605_3","PROASELLUS_WALTERI|HMASCAIN_201605[A3]PWHm3","A","A3","3","","PROASELLUS_WALTERI","2016-06-01","M","M",""
"PROASELLUS_WALTERI|HMASCAIN_201605","COILKF3","COILKR1","","Pwalteri|HMASCAIN_201605_3","PROASELLUS_WALTERI|HMASCAIN_201605[A3]PWHm3","A","A3","3","","PROASELLUS_WALTERI","2016-06-01","M","M",""
"PROASELLUS_WALTERI|HYPOPRAT_201407","16SProaF1","16Sbr","","Pwalteri|HYPOPRAT_201407_D1ID","PROASELLUS_WALTERI|HYPOPRAT_201407[A1]D1","A","A1","D1ID","","PROASELLUS_WALTERI","2014-07-19","J","M",""
"PROASELLUS_WALTERI|HYPOPRAT_201407","COILCO1490","COIPwaltR1","","Pwalteri|HYPOPRAT_201407_D1ID","PROASELLUS_WALTERI|HYPOPRAT_201407[A1]D1","A","A1","D1ID","","PROASELLUS_WALTERI","2014-07-19","J","M",""
"PROASELLUS_WALTERI|HYPOPRAT_201407","16SProaF1","16Sbr","","Pwalteri|HYPOPRAT_201407_A4","PROASELLUS_WALTERI|HYPOPRAT_201407[B1]A4","B","B1","A4","","PROASELLUS_WALTERI","2014-07-19","J","M",""
"PROASELLUS_WALTERI|HYPOPRAT_201407","COIProaF1","COIHCO2198","","Pwalteri|HYPOPRAT_201407_A4","PROASELLUS_WALTERI|HYPOPRAT_201407[B1]A4","B","B1","A4","","PROASELLUS_WALTERI","2014-07-19","J","M",""
"PROASELLUS_WALTERI|HYPOPRAT_201407","16SProaF1","16Sbr","","Pwalteri|HYPOPRAT_201407_B4","PROASELLUS_WALTERI|HYPOPRAT_201407[B2]B4","B","B2","B4","","PROASELLUS_WALTERI","2014-07-19","J","M",""
"PROASELLUS_WALTERI|HYPOPRAT_201407","COIProaF1","COIHCO2198","","Pwalteri|HYPOPRAT_201407_B4","PROASELLUS_WALTERI|HYPOPRAT_201407[B2]B4","B","B2","B4","","PROASELLUS_WALTERI","2014-07-19","J","M",""
"PROASELLUS_WALTERI|HYPOPRAT_201409","16SProaF1","16Sbr","","Pwalteri|HYPOPRAT_201409_1arn","PROASELLUS_WALTERI|HYPOPRAT_201409[CRYO]arnPWH1","CRYO","CRYO","1arn","","PROASELLUS_WALTERI","2014-09-01","M","M","PAS DE LAME MONTEE POUR LE LOT AU QUEL APPARTIENT CET INDIVIDU"
"PROASELLUS_WALTERI|HYPOPRAT_201409","16SProaF1","16Sbr","","Pwalteri|HYPOPRAT_201409_2arn","PROASELLUS_WALTERI|HYPOPRAT_201409[CRYO]arnPWH2","CRYO","CRYO","2arn","","PROASELLUS_WALTERI","2014-09-01","M","M","PAS DE LAME MONTEE POUR LE LOT AU QUEL APPARTIENT CET INDIVIDU"
"PROASELLUS_WALTERI|HYPOPRAT_201409","16SProaF1","16Sbr","","Pwalteri|HYPOPRAT_201409_11arn","PROASELLUS_WALTERI|HYPOPRAT_201409[CRYO]arnPWH11","CRYO","CRYO","11arn","","PROASELLUS_WALTERI","2014-09-01","M","M","PAS DE LAME MONTEE POUR LE LOT AU QUEL APPARTIENT CET INDIVIDU"
"PROASELLUS_WALTERI|HYPOPRAT_201409","16SProaF1","16Sbr","","Pwalteri|HYPOPRAT_201409_12arn","PROASELLUS_WALTERI|HYPOPRAT_201409[CRYO]arnPWH12","CRYO","CRYO","12arn","","PROASELLUS_WALTERI","2014-09-01","M","M","PAS DE LAME MONTEE POUR LE LOT AU QUEL APPARTIENT CET INDIVIDU"
"PROASELLUS_WALTERI|HYPOPRAT_201409","16SProaF1","16Sbr","","Pwalteri|HYPOPRAT_201409_18arn","PROASELLUS_WALTERI|HYPOPRAT_201409[CRYO]arnPWH18","CRYO","CRYO","18arn","","PROASELLUS_WALTERI","2014-09-01","M","M","PAS DE LAME MONTEE POUR LE LOT AU QUEL APPARTIENT CET INDIVIDU"
"PROASELLUS_WALTERI|HYPOPRAT_201409","16SProaF1","16Sbr","","Pwalteri|HYPOPRAT_201409_20arn","PROASELLUS_WALTERI|HYPOPRAT_201409[CRYO]arnPWH20","CRYO","CRYO","20arn","","PROASELLUS_WALTERI","2014-09-01","M","M","PAS DE LAME MONTEE POUR LE LOT AU QUEL APPARTIENT CET INDIVIDU"
"PROASELLUS_WALTERI|HYPOPRAT_201409","16SProaF1","16Sbr","","Pwalteri|HYPOPRAT_201409_21arn","PROASELLUS_WALTERI|HYPOPRAT_201409[CRYO]arnPWH21","CRYO","CRYO","21arn","","PROASELLUS_WALTERI","2014-09-01","M","M","PAS DE LAME MONTEE POUR LE LOT AU QUEL APPARTIENT CET INDIVIDU"
"PROASELLUS_WALTERI|HYPOPRAT_201409","16SProaF1","16Sbr","","Pwalteri|HYPOPRAT_201409_25arn","PROASELLUS_WALTERI|HYPOPRAT_201409[CRYO]arnPWH25","CRYO","CRYO","25arn","","PROASELLUS_WALTERI","2014-09-01","M","M","PAS DE LAME MONTEE POUR LE LOT AU QUEL APPARTIENT CET INDIVIDU"
"PROASELLUS_WALTERI|HYPOPRAT_201409","16SProaF1","16Sbr","","Pwalteri|HYPOPRAT_201409_26arn","PROASELLUS_WALTERI|HYPOPRAT_201409[CRYO]arnPWH26","CRYO","CRYO","26arn","","PROASELLUS_WALTERI","2014-09-01","M","M","PAS DE LAME MONTEE POUR LE LOT AU QUEL APPARTIENT CET INDIVIDU"
"PROASELLUS_WALTERI|HYPOPRAT_201409","16SProaF1","16Sbr","","Pwalteri|HYPOPRAT_201409_27arn","PROASELLUS_WALTERI|HYPOPRAT_201409[CRYO]arnPWH27","CRYO","CRYO","27arn","","PROASELLUS_WALTERI","2014-09-01","M","M","PAS DE LAME MONTEE POUR LE LOT AU QUEL APPARTIENT CET INDIVIDU"
"PROASELLUS_WALTERI|HYPOPRAT_201409","16SProaF1","16Sbr","","Pwalteri|HYPOPRAT_201409_29arn","PROASELLUS_WALTERI|HYPOPRAT_201409[CRYO]arnPWH29","CRYO","CRYO","29arn","","PROASELLUS_WALTERI","2014-09-01","M","M","PAS DE LAME MONTEE POUR LE LOT AU QUEL APPARTIENT CET INDIVIDU"
"PROASELLUS_WALTERI|LAVABREI_201609","16SStenaF1","16Sbr","","Pwalteri|LAVABREI_201609_1ID","PROASELLUS_WALTERI|LAVABREI_201609[A1]PWLa1","A","A1","1ID","","PROASELLUS_WALTERI","2016-12-01","M","M",""
"PROASELLUS_WALTERI|LAVABREI_201609","COILCO1490","COILKR3","","Pwalteri|LAVABREI_201609_1ID","PROASELLUS_WALTERI|LAVABREI_201609[A1]PWLa1","A","A1","1ID","","PROASELLUS_WALTERI","2016-12-01","M","M",""
"PROASELLUS_WALTERI|LAVABREI_201609","COILKF3","COILKR1","","Pwalteri|LAVABREI_201609_1ID","PROASELLUS_WALTERI|LAVABREI_201609[A1]PWLa1","A","A1","1ID","","PROASELLUS_WALTERI","2016-12-01","M","M",""
"PROASELLUS_WALTERI|LAVABREI_201609","16SarDr","16SStenaR1","","Pwalteri|LAVABREI_201609_2","PROASELLUS_WALTERI|LAVABREI_201609[A2]PWLa2","A","A2","2","","PROASELLUS_WALTERI","2016-12-01","M","M",""
"PROASELLUS_WALTERI|LAVABREI_201609","16SStenaF1","16Sbr","","Pwalteri|LAVABREI_201609_3","PROASELLUS_WALTERI|LAVABREI_201609[A3]PWLa3","A","A3","3","","PROASELLUS_WALTERI","2016-12-01","M","M",""
"PROASELLUS_WALTERI|LEMARTIN_201407","16SProaF1","16Sbr","","Pwalteri|LEMARTIN_201407_D2ID","PROASELLUS_WALTERI|LEMARTIN_201407[A1]D2","A","A1","D2ID","","PROASELLUS_WALTERI","2014-07-22","J","M",""
"PROASELLUS_WALTERI|LEMARTIN_201407","COIPwaltF1","COIHCO2198","","Pwalteri|LEMARTIN_201407_D2ID","PROASELLUS_WALTERI|LEMARTIN_201407[A1]D2","A","A1","D2ID","","PROASELLUS_WALTERI","2014-07-22","J","M",""
"PROASELLUS_WALTERI|LEMARTIN_201407","AM4F2","AM4R2","","Pwalteri|LEMARTIN_201407_D2ID","PROASELLUS_WALTERI|LEMARTIN_201407[A1]D2","A","A1","D2ID","","PROASELLUS_WALTERI","2014-07-22","J","M",""
"PROASELLUS_WALTERI|LEMARTIN_201407","28SStenaF1a","28SStenaR1","","Pwalteri|LEMARTIN_201407_D2ID","PROASELLUS_WALTERI|LEMARTIN_201407[A1]D2","A","A1","D2ID","","PROASELLUS_WALTERI","2014-07-22","J","M",""
"PROASELLUS_WALTERI|LEMARTIN_201407","28Slev2","28Sdes1","","Pwalteri|LEMARTIN_201407_D2ID","PROASELLUS_WALTERI|LEMARTIN_201407[A1]D2","A","A1","D2ID","","PROASELLUS_WALTERI","2014-07-22","J","M",""
"PROASELLUS_WALTERI|LEMARTIN_201407","16SProaF1","16Sbr","","Pwalteri|LEMARTIN_201407_G2","PROASELLUS_WALTERI|LEMARTIN_201407[B1]G2","B","B1","G2","","PROASELLUS_WALTERI","2014-07-22","J","M",""
"PROASELLUS_WALTERI|LEMARTIN_201407","COILCO1490","COIPwaltR1","","Pwalteri|LEMARTIN_201407_G2","PROASELLUS_WALTERI|LEMARTIN_201407[B1]G2","B","B1","G2","","PROASELLUS_WALTERI","2014-07-22","J","M",""
"PROASELLUS_WALTERI|LEMARTIN_201407","16SProaF1","16Sbr","","Pwalteri|LEMARTIN_201407_H2","PROASELLUS_WALTERI|LEMARTIN_201407[B2]H2","B","B2","H2","","PROASELLUS_WALTERI","2014-07-22","J","M",""
"PROASELLUS_WALTERI|LONGAMON_200804","16SProaF1","16Sbr","","Pwalteri|LONGAMON_200804_1ID","PROASELLUS_WALTERI|LONGAMON_200804[1]PWL1","A","1","1ID","","PROASELLUS_WALTERI","2008-04-16","J","M",""
"PROASELLUS_WALTERI|LONGAMON_200804","COIPwaltF1","COIHCO2198","","Pwalteri|LONGAMON_200804_1ID","PROASELLUS_WALTERI|LONGAMON_200804[1]PWL1","A","1","1ID","","PROASELLUS_WALTERI","2008-04-16","J","M",""
"PROASELLUS_WALTERI|LONGAMON_200804","28Slev2","28Sdes1","","Pwalteri|LONGAMON_200804_1ID","PROASELLUS_WALTERI|LONGAMON_200804[1]PWL1","A","1","1ID","","PROASELLUS_WALTERI","2008-04-16","J","M",""
"PROASELLUS_WALTERI|LONGAMON_200804","COIPwaltF1","COIHCO2198","","Pwalteri|LONGAMON_200804_2","PROASELLUS_WALTERI|LONGAMON_200804[B]PWL2","B","B","2","","PROASELLUS_WALTERI","2008-04-16","J","M",""
"PROASELLUS_WALTERI|LONGAMON_200804","16SProaF1","16Sbr","","Pwalteri|LONGAMON_200804_2","PROASELLUS_WALTERI|LONGAMON_200804[B]PWL2","B","B","2","","PROASELLUS_WALTERI","2008-04-16","J","M",""
"PROASELLUS_WALTERI|LONGAMON_200804","16SProaF1","16Sbr","","Pwalteri|LONGAMON_200804_3","PROASELLUS_WALTERI|LONGAMON_200804[B]PWL3","B","B","3","","PROASELLUS_WALTERI","2008-04-16","J","M",""
"PROASELLUS_WALTERI|LONGAMON_200804","COIPwaltF1","COIHCO2198","","Pwalteri|LONGAMON_200804_3","PROASELLUS_WALTERI|LONGAMON_200804[B]PWL3","B","B","3","","PROASELLUS_WALTERI","2008-04-16","J","M",""
"PROASELLUS_WALTERI|MONTBAR_200707","28Slev2","28Sdes1","","Pwalteri|MONTBAR_200707_1","PROASELLUS_WALTERI|MONTBAR_200707[C]PWM1","IND","C","1","","PROASELLUS_WALTERI","2007-07-24","J","M",""
"PROASELLUS_WALTERI|MONTBAR_200707","16SarDr","16Sbr","","Pwalteri|MONTBAR_200707_1","PROASELLUS_WALTERI|MONTBAR_200707[C]PWM1","IND","C","1","","PROASELLUS_WALTERI","2007-07-24","J","M",""
"PROASELLUS_WALTERI|MONTBAR_200707","COILCO1490","COIHCO2198","","Pwalteri|MONTBAR_200707_1","PROASELLUS_WALTERI|MONTBAR_200707[C]PWM1","IND","C","1","","PROASELLUS_WALTERI","2007-07-24","J","M",""
"PROASELLUS_WALTERI|MONTBAR_200707","28Slev2","28Sdes1","","Pwalteri|MONTBAR_200707_2","PROASELLUS_WALTERI|MONTBAR_200707[C]PWM2","IND","C","2","","PROASELLUS_WALTERI","2007-07-24","J","M",""
"PROASELLUS_WALTERI|MONTBAR_200707","16SarDr","16Sbr","","Pwalteri|MONTBAR_200707_2","PROASELLUS_WALTERI|MONTBAR_200707[C]PWM2","IND","C","2","","PROASELLUS_WALTERI","2007-07-24","J","M",""
"PROASELLUS_WALTERI|MONTBAR_200707","COILCO1490","COIHCO2198","","Pwalteri|MONTBAR_200707_2","PROASELLUS_WALTERI|MONTBAR_200707[C]PWM2","IND","C","2","","PROASELLUS_WALTERI","2007-07-24","J","M",""
"PROASELLUS_WALTERI|MONTBAR_200707","AM4F2","AM4R1","","Pwalteri|MONTBAR_200707_3","PROASELLUS_WALTERI|MONTBAR_200707[C]PWM3","IND","C","3","","PROASELLUS_WALTERI","2007-07-24","J","M",""
"PROASELLUS_WALTERI|MONTBAR_201409","16SProaF1","16Sbr","","Pwalteri|MONTBAR_201409_4arn","PROASELLUS_WALTERI|MONTBAR_201409[CRYO]arnPWM4","CRYO","CRYO","4arn","","PROASELLUS_WALTERI","2014-09-01","M","M","PAS DE LAME MONTEE POUR LE LOT AU QUEL APPARTIENT CET INDIVIDU"
"PROASELLUS_WALTERI|MONTBAR_201409","16SProaF1","16Sbr","","Pwalteri|MONTBAR_201409_5arn","PROASELLUS_WALTERI|MONTBAR_201409[CRYO]arnPWM5","CRYO","CRYO","5arn","","PROASELLUS_WALTERI","2014-09-01","M","M","PAS DE LAME MONTEE POUR LE LOT AU QUEL APPARTIENT CET INDIVIDU"
"PROASELLUS_WALTERI|MONTBAR_201409","16SProaF1","16Sbr","","Pwalteri|MONTBAR_201409_6arn","PROASELLUS_WALTERI|MONTBAR_201409[CRYO]arnPWM6","CRYO","CRYO","6arn","","PROASELLUS_WALTERI","2014-09-01","M","M","PAS DE LAME MONTEE POUR LE LOT AU QUEL APPARTIENT CET INDIVIDU"
"PROASELLUS_WALTERI|MONTBAR_201409","16SProaF1","16Sbr","","Pwalteri|MONTBAR_201409_7arn","PROASELLUS_WALTERI|MONTBAR_201409[CRYO]arnPWM7","CRYO","CRYO","7arn","","PROASELLUS_WALTERI","2014-09-01","M","M","PAS DE LAME MONTEE POUR LE LOT AU QUEL APPARTIENT CET INDIVIDU"
"PROASELLUS_WALTERI|MONTBAR_201409","16SProaF1","16Sbr","","Pwalteri|MONTBAR_201409_10arn","PROASELLUS_WALTERI|MONTBAR_201409[CRYO]arnPWM10","CRYO","CRYO","10arn","","PROASELLUS_WALTERI","2014-09-01","M","M","PAS DE LAME MONTEE POUR LE LOT AU QUEL APPARTIENT CET INDIVIDU"
"PROASELLUS_WALTERI|MONTBAR_201409","16SProaF1","16Sbr","","Pwalteri|MONTBAR_201409_11arn","PROASELLUS_WALTERI|MONTBAR_201409[CRYO]arnPWM11","CRYO","CRYO","11arn","","PROASELLUS_WALTERI","2014-09-01","M","M","PAS DE LAME MONTEE POUR LE LOT AU QUEL APPARTIENT CET INDIVIDU"
"PROASELLUS_WALTERI|MONTBAR_201409","16SProaF1","16Sbr","","Pwalteri|MONTBAR_201409_12arn","PROASELLUS_WALTERI|MONTBAR_201409[CRYO]arnPWM12","CRYO","CRYO","12arn","","PROASELLUS_WALTERI","2014-09-01","M","M","PAS DE LAME MONTEE POUR LE LOT AU QUEL APPARTIENT CET INDIVIDU"
"PROASELLUS_WALTERI|MONTBAR_201409","16SProaF1","16Sbr","","Pwalteri|MONTBAR_201409_13arn","PROASELLUS_WALTERI|MONTBAR_201409[CRYO]arnPWM13","CRYO","CRYO","13arn","","PROASELLUS_WALTERI","2014-09-01","M","M","PAS DE LAME MONTEE POUR LE LOT AU QUEL APPARTIENT CET INDIVIDU"
"PROASELLUS_WALTERI|MONTBAR_201409","16SProaF1","16Sbr","","Pwalteri|MONTBAR_201409_15arn","PROASELLUS_WALTERI|MONTBAR_201409[CRYO]arnPWM15","CRYO","CRYO","15arn","","PROASELLUS_WALTERI","2014-09-01","M","M","PAS DE LAME MONTEE POUR LE LOT AU QUEL APPARTIENT CET INDIVIDU"
"PROASELLUS_WALTERI|MONTBAR_201409","16SProaF1","16Sbr","","Pwalteri|MONTBAR_201409_16arn","PROASELLUS_WALTERI|MONTBAR_201409[CRYO]arnPWM16","CRYO","CRYO","16arn","","PROASELLUS_WALTERI","2014-09-01","M","M","PAS DE LAME MONTEE POUR LE LOT AU QUEL APPARTIENT CET INDIVIDU"
"PROASELLUS_WALTERI|MONTBAR_201409","16SProaF1","16Sbr","","Pwalteri|MONTBAR_201409_17arn","PROASELLUS_WALTERI|MONTBAR_201409[CRYO]arnPWM17","CRYO","CRYO","17arn","","PROASELLUS_WALTERI","2014-09-01","M","M","PAS DE LAME MONTEE POUR LE LOT AU QUEL APPARTIENT CET INDIVIDU"
"PROASELLUS_WALTERI|MONTBAR_201409","16SProaF1","16Sbr","","Pwalteri|MONTBAR_201409_18arn","PROASELLUS_WALTERI|MONTBAR_201409[CRYO]arnPWM18","CRYO","CRYO","18arn","","PROASELLUS_WALTERI","2014-09-01","M","M","PAS DE LAME MONTEE POUR LE LOT AU QUEL APPARTIENT CET INDIVIDU"
"PROASELLUS_WALTERI|MONTJOU1_201002","16SarDr","16SStenaR1","","Pwalteri|MONTJOU1_201002_1ID","PROASELLUS_WALTERI|MONTJOU1_201002[1]PWLM1","A","1","1ID","","PROASELLUS_WALTERI","2010-03-01","M","M","PAS DE LAME MONTEE POUR LE LOT AU QUEL APPARTIENT CET INDIVIDU"
"PROASELLUS_WALTERI|MONTJOU1_201002","28Slev2","28Sdes1","","Pwalteri|MONTJOU1_201002_1ID","PROASELLUS_WALTERI|MONTJOU1_201002[1]PWLM1","A","1","1ID","","PROASELLUS_WALTERI","2010-03-01","M","M","PAS DE LAME MONTEE POUR LE LOT AU QUEL APPARTIENT CET INDIVIDU"
"PROASELLUS_WALTERI|MONTJOU1_201002","COILCO1490","COIPwaltR1","","Pwalteri|MONTJOU1_201002_1ID","PROASELLUS_WALTERI|MONTJOU1_201002[1]PWLM1","A","1","1ID","","PROASELLUS_WALTERI","2010-03-01","M","M","PAS DE LAME MONTEE POUR LE LOT AU QUEL APPARTIENT CET INDIVIDU"
"PROASELLUS_WALTERI|MONTJOU1_201002","16SProaF1","16Sbr","","Pwalteri|MONTJOU1_201002_2","PROASELLUS_WALTERI|MONTJOU1_201002[B]PWLM2","B","B","2","","PROASELLUS_WALTERI","2010-03-01","M","M","PAS DE LAME MONTEE POUR LE LOT AU QUEL APPARTIENT CET INDIVIDU"
"PROASELLUS_WALTERI|MONTJOU1_201002","COIPwaltF1","COIHCO2198","","Pwalteri|MONTJOU1_201002_2","PROASELLUS_WALTERI|MONTJOU1_201002[B]PWLM2","B","B","2","","PROASELLUS_WALTERI","2010-03-01","M","M","PAS DE LAME MONTEE POUR LE LOT AU QUEL APPARTIENT CET INDIVIDU"
"PROASELLUS_WALTERI|MOULINDU_201407","16SProaF1","16Sbr","","Pwalteri|MOULINDU_201407_A5ID","PROASELLUS_WALTERI|MOULINDU_201407[A1]A5","A","A1","A5ID","","PROASELLUS_WALTERI","2014-07-22","J","M",""
"PROASELLUS_WALTERI|MOULINDU_201407","COILCO1490","COIPwaltR1","","Pwalteri|MOULINDU_201407_A5ID","PROASELLUS_WALTERI|MOULINDU_201407[A1]A5","A","A1","A5ID","","PROASELLUS_WALTERI","2014-07-22","J","M",""
"PROASELLUS_WALTERI|MOULINDU_201407","16SProaF1","16Sbr","","Pwalteri|MOULINDU_201407_B6","PROASELLUS_WALTERI|MOULINDU_201407[B1]B6","B","B1","B6","","PROASELLUS_WALTERI","2014-07-22","J","M",""
"PROASELLUS_WALTERI|MOULINDU_201407","16SarDr","16SStenaR1","","Pwalteri|MOULINDU_201407_B6","PROASELLUS_WALTERI|MOULINDU_201407[B1]B6","B","B1","B6","","PROASELLUS_WALTERI","2014-07-22","J","M",""
"PROASELLUS_WALTERI|MOULINDU_201407","COIPstrouF1","COIHCO2198","","Pwalteri|MOULINDU_201407_B6","PROASELLUS_WALTERI|MOULINDU_201407[B1]B6","B","B1","B6","","PROASELLUS_WALTERI","2014-07-22","J","M",""
"PROASELLUS_WALTERI|MOULINDU_201407","COIPcavaF1","COIHCO2198","","Pwalteri|MOULINDU_201407_B6","PROASELLUS_WALTERI|MOULINDU_201407[B1]B6","B","B1","B6","","PROASELLUS_WALTERI","2014-07-22","J","M",""
"PROASELLUS_WALTERI|MOULINDU_201407","16SProaF1","16Sbr","","Pwalteri|MOULINDU_201407_C6","PROASELLUS_WALTERI|MOULINDU_201407[J1]C6","J","J1","C6","","PROASELLUS_WALTERI","2014-07-22","J","M",""
"PROASELLUS_WALTERI|MOULINDU_201407","COIPwaltF1","COIHCO2198","","Pwalteri|MOULINDU_201407_C6","PROASELLUS_WALTERI|MOULINDU_201407[J1]C6","J","J1","C6","","PROASELLUS_WALTERI","2014-07-22","J","M",""
"PROASELLUS_WALTERI|NORGES_200807","COILCO1490","COIPwaltR1","","Pwalteri|NORGES_200807_9ID","PROASELLUS_WALTERI|NORGES_200807[A]PWN9","A","A","9ID","MALE MONTE A PARTIR DE LA CUTICULE APRES EXTRACTION ADN","PROASELLUS_WALTERI","2008-07-11","J","M",""
"PROASELLUS_WALTERI|NORGES_200807","16SProaF1","16Sbr","","Pwalteri|NORGES_200807_9ID","PROASELLUS_WALTERI|NORGES_200807[A]PWN9","A","A","9ID","MALE MONTE A PARTIR DE LA CUTICULE APRES EXTRACTION ADN","PROASELLUS_WALTERI","2008-07-11","J","M",""
"PROASELLUS_WALTERI|NORGES_200807","28Slev2","28Sdes1","","Pwalteri|NORGES_200807_9ID","PROASELLUS_WALTERI|NORGES_200807[A]PWN9","A","A","9ID","MALE MONTE A PARTIR DE LA CUTICULE APRES EXTRACTION ADN","PROASELLUS_WALTERI","2008-07-11","J","M",""
"PROASELLUS_WALTERI|OUVBEDAR_201204","16SProaF1","16Sbr","","Pwalteri|OUVBEDAR_201204_472","PROASELLUS_WALTERI|OUVBEDAR_201204[INCONNU]OUV472","INC","INCONNU","472","","PROASELLUS_WALTERI","2012-06-01","M","M","PAS DE LAME MONTEE POUR LE LOT AU QUEL APPARTIENT CET INDIVIDU"
"PROASELLUS_WALTERI|OUVBEDAR_201204","COIPwaltF1","COIHCO2198","","Pwalteri|OUVBEDAR_201204_472","PROASELLUS_WALTERI|OUVBEDAR_201204[INCONNU]OUV472","INC","INCONNU","472","","PROASELLUS_WALTERI","2012-06-01","M","M","PAS DE LAME MONTEE POUR LE LOT AU QUEL APPARTIENT CET INDIVIDU"
"PROASELLUS_WALTERI|OUVSABLE_201204","16SProaF1","16Sbr","","Pwalteri|OUVSABLE_201204_431","PROASELLUS_WALTERI|OUVSABLE_201204[INCONNU]OUV431","INC","INCONNU","431","","PROASELLUS_WALTERI","2012-06-01","M","M","PAS DE LAME MONTEE POUR LE LOT AU QUEL APPARTIENT CET INDIVIDU"
"PROASELLUS_WALTERI|OUVSABLE_201204","COIPwaltF1","COIHCO2198","","Pwalteri|OUVSABLE_201204_431","PROASELLUS_WALTERI|OUVSABLE_201204[INCONNU]OUV431","INC","INCONNU","431","","PROASELLUS_WALTERI","2012-06-01","M","M","PAS DE LAME MONTEE POUR LE LOT AU QUEL APPARTIENT CET INDIVIDU"
"PROASELLUS_WALTERI|OUVSABLE_201204","16SProaF1","16Sbr","","Pwalteri|OUVSABLE_201204_411","PROASELLUS_WALTERI|OUVSABLE_201204[INCONNU]OUV411","INC","INCONNU","411","","PROASELLUS_WALTERI","2012-06-01","M","M","PAS DE LAME MONTEE POUR LE LOT AU QUEL APPARTIENT CET INDIVIDU"
"PROASELLUS_WALTERI|OUVSABLE_201204","16SProaF1","16Sbr","","Pwalteri|OUVSABLE_201204_425","PROASELLUS_WALTERI|OUVSABLE_201204[INCONNU]OUV425","INC","INCONNU","425","","PROASELLUS_WALTERI","2012-06-01","M","M","PAS DE LAME MONTEE POUR LE LOT AU QUEL APPARTIENT CET INDIVIDU"
"PROASELLUS_WALTERI|OUVSARR_201204","16SProaF1","16Sbr","","Pwalteri|OUVSARR_201204_455","PROASELLUS_WALTERI|OUVSARR_201204[INCONNU]OUV455","IND","INCONNU","455","","PROASELLUS_WALTERI","2012-06-01","M","M","PAS DE LAME MONTEE POUR LE LOT AU QUEL APPARTIENT CET INDIVIDU"
"PROASELLUS_WALTERI|OUVSARR_201204","16SarDr","16SStenaR1","","Pwalteri|OUVSARR_201204_455","PROASELLUS_WALTERI|OUVSARR_201204[INCONNU]OUV455","IND","INCONNU","455","","PROASELLUS_WALTERI","2012-06-01","M","M","PAS DE LAME MONTEE POUR LE LOT AU QUEL APPARTIENT CET INDIVIDU"
"PROASELLUS_WALTERI|OUVSARR_201204","COILCO1490","COIPsynaR1","","Pwalteri|OUVSARR_201204_455","PROASELLUS_WALTERI|OUVSARR_201204[INCONNU]OUV455","IND","INCONNU","455","","PROASELLUS_WALTERI","2012-06-01","M","M","PAS DE LAME MONTEE POUR LE LOT AU QUEL APPARTIENT CET INDIVIDU"
"PROASELLUS_WALTERI|OUVSARR_201204","28SStenaF1a","28SStenaR1","","Pwalteri|OUVSARR_201204_455","PROASELLUS_WALTERI|OUVSARR_201204[INCONNU]OUV455","IND","INCONNU","455","","PROASELLUS_WALTERI","2012-06-01","M","M","PAS DE LAME MONTEE POUR LE LOT AU QUEL APPARTIENT CET INDIVIDU"
"PROASELLUS_WALTERI|OUVSARR_201204","28Slev2","28Sdes1","","Pwalteri|OUVSARR_201204_455","PROASELLUS_WALTERI|OUVSARR_201204[INCONNU]OUV455","IND","INCONNU","455","","PROASELLUS_WALTERI","2012-06-01","M","M","PAS DE LAME MONTEE POUR LE LOT AU QUEL APPARTIENT CET INDIVIDU"
"PROASELLUS_WALTERI|OUVSARR_201204","AM4F2","AM4R2","","Pwalteri|OUVSARR_201204_455","PROASELLUS_WALTERI|OUVSARR_201204[INCONNU]OUV455","IND","INCONNU","455","","PROASELLUS_WALTERI","2012-06-01","M","M","PAS DE LAME MONTEE POUR LE LOT AU QUEL APPARTIENT CET INDIVIDU"
"PROASELLUS_WALTERI|OUVSARR_201204","16SarDr","16SStenaR1","","Pwalteri|OUVSARR_201204_458","PROASELLUS_WALTERI|OUVSARR_201204[INCONNU]OUV458","IND","INCONNU","458","","PROASELLUS_WALTERI","2012-06-01","M","M","PAS DE LAME MONTEE POUR LE LOT AU QUEL APPARTIENT CET INDIVIDU"
"PROASELLUS_WALTERI|OUVSARR_201204","COIStenaF1","COIHCO2198","","Pwalteri|OUVSARR_201204_458","PROASELLUS_WALTERI|OUVSARR_201204[INCONNU]OUV458","IND","INCONNU","458","","PROASELLUS_WALTERI","2012-06-01","M","M","PAS DE LAME MONTEE POUR LE LOT AU QUEL APPARTIENT CET INDIVIDU"
"PROASELLUS_WALTERI|OUVSARR_201204","16SProaF1","16Sbr","","Pwalteri|OUVSARR_201204_441","PROASELLUS_WALTERI|OUVSARR_201204[INCONNU]OUV441","INC","INCONNU","441","","PROASELLUS_WALTERI","2012-06-01","M","M","PAS DE LAME MONTEE POUR LE LOT AU QUEL APPARTIENT CET INDIVIDU"
"PROASELLUS_WALTERI|OUVSARR_201204","COIPwaltF1","COIHCO2198","","Pwalteri|OUVSARR_201204_441","PROASELLUS_WALTERI|OUVSARR_201204[INCONNU]OUV441","INC","INCONNU","441","","PROASELLUS_WALTERI","2012-06-01","M","M","PAS DE LAME MONTEE POUR LE LOT AU QUEL APPARTIENT CET INDIVIDU"
"PROASELLUS_WALTERI|OUVVAISO_201007","16SProaF1","16Sbr","","Pwalteri|OUVVAISO_201007_1","PROASELLUS_WALTERI|OUVVAISO_201007[INCONNU]PWOV1","IND","INCONNU","1","","PROASELLUS_WALTERI","2011-04-01","M","M","PAS DE LAME MONTEE POUR LE LOT AU QUEL APPARTIENT CET INDIVIDU"
"PROASELLUS_WALTERI|OUVVAISO_201007","COIPwaltF1","COIHCO2198","","Pwalteri|OUVVAISO_201007_1","PROASELLUS_WALTERI|OUVVAISO_201007[INCONNU]PWOV1","IND","INCONNU","1","","PROASELLUS_WALTERI","2011-04-01","M","M","PAS DE LAME MONTEE POUR LE LOT AU QUEL APPARTIENT CET INDIVIDU"
"PROASELLUS_WALTERI|OUVVAISO_201007","28Slev2","28Sdes1","","Pwalteri|OUVVAISO_201007_1","PROASELLUS_WALTERI|OUVVAISO_201007[INCONNU]PWOV1","IND","INCONNU","1","","PROASELLUS_WALTERI","2011-04-01","M","M","PAS DE LAME MONTEE POUR LE LOT AU QUEL APPARTIENT CET INDIVIDU"
"PROASELLUS_WALTERI|OUVVAISO_201204","16SProaF1","16Sbr","","Pwalteri|OUVVAISO_201204_384","PROASELLUS_WALTERI|OUVVAISO_201204[INCONNU]384","INC","INCONNU","384","","PROASELLUS_WALTERI","2012-06-01","M","M","PAS DE LAME MONTEE POUR LE LOT AU QUEL APPARTIENT CET INDIVIDU"
"PROASELLUS_WALTERI|OUVVAISO_201204","16SProaF1","16Sbr","","Pwalteri|OUVVAISO_201204_387","PROASELLUS_WALTERI|OUVVAISO_201204[INCONNU]387","INC","INCONNU","387","","PROASELLUS_WALTERI","2012-06-01","M","M","PAS DE LAME MONTEE POUR LE LOT AU QUEL APPARTIENT CET INDIVIDU"
"PROASELLUS_WALTERI|OUVVAISO_201204","16SProaF1","16Sbr","","Pwalteri|OUVVAISO_201204_398","PROASELLUS_WALTERI|OUVVAISO_201204[INCONNU]398","INC","INCONNU","398","","PROASELLUS_WALTERI","2012-06-01","M","M","PAS DE LAME MONTEE POUR LE LOT AU QUEL APPARTIENT CET INDIVIDU"
"PROASELLUS_WALTERI|ROSSFELD_200911","AM4F2","AM4R2","","Pwalteri|ROSSFELD_200911_1ID","PROASELLUS_WALTERI|ROSSFELD_200911[1]PWRo1","A","1","1ID","","PROASELLUS_WALTERI","2009-11-01","M","M",""
"PROASELLUS_WALTERI|ROSSFELD_200911","COILCO1490","COIHCO2198","","Pwalteri|ROSSFELD_200911_1ID","PROASELLUS_WALTERI|ROSSFELD_200911[1]PWRo1","A","1","1ID","","PROASELLUS_WALTERI","2009-11-01","M","M",""
"PROASELLUS_WALTERI|ROSSFELD_200911","16SarDr","16Sbr","","Pwalteri|ROSSFELD_200911_1ID","PROASELLUS_WALTERI|ROSSFELD_200911[1]PWRo1","A","1","1ID","","PROASELLUS_WALTERI","2009-11-01","M","M",""
"PROASELLUS_WALTERI|ROSSFELD_200911","28Slev2","28Sdes1","","Pwalteri|ROSSFELD_200911_1ID","PROASELLUS_WALTERI|ROSSFELD_200911[1]PWRo1","A","1","1ID","","PROASELLUS_WALTERI","2009-11-01","M","M",""
"PROASELLUS_WALTERI|ROSSFELD_200911","COILCO1490","COIPwaltR1","","Pwalteri|ROSSFELD_200911_2","PROASELLUS_WALTERI|ROSSFELD_200911[B]PWRo2","B","B","2","","PROASELLUS_WALTERI","2010-01-01","M","M",""
"PROASELLUS_WALTERI|ROSSFELD_200911","16SarDr","16SStenaR1","","Pwalteri|ROSSFELD_200911_2","PROASELLUS_WALTERI|ROSSFELD_200911[B]PWRo2","B","B","2","","PROASELLUS_WALTERI","2010-01-01","M","M",""
"PROASELLUS_WALTERI|ROSSFELD_200911","28SStenaF1a","28SStenaR1","","Pwalteri|ROSSFELD_200911_2","PROASELLUS_WALTERI|ROSSFELD_200911[B]PWRo2","B","B","2","","PROASELLUS_WALTERI","2010-01-01","M","M",""
"PROASELLUS_WALTERI|ROSSFELD_201409","16SProaF1","16Sbr","","Pwalteri|ROSSFELD_201409_28arn","PROASELLUS_WALTERI|ROSSFELD_201409[CRYO]arnPWRo28","CRYO","CRYO","28arn","","PROASELLUS_WALTERI","2014-10-01","M","M","PAS DE LAME MONTEE POUR LE LOT AU QUEL APPARTIENT CET INDIVIDU"
"PROASELLUS_WALTERI|ROSSFELD_201409","16SProaF1","16Sbr","","Pwalteri|ROSSFELD_201409_29arn","PROASELLUS_WALTERI|ROSSFELD_201409[CRYO]arnPWRo29","CRYO","CRYO","29arn","","PROASELLUS_WALTERI","2014-10-01","M","M","PAS DE LAME MONTEE POUR LE LOT AU QUEL APPARTIENT CET INDIVIDU"
"PROASELLUS_WALTERI|ROSSFELD_201409","16SProaF1","16Sbr","","Pwalteri|ROSSFELD_201409_30arn","PROASELLUS_WALTERI|ROSSFELD_201409[CRYO]arnPWRo30","CRYO","CRYO","30arn","","PROASELLUS_WALTERI","2014-10-01","M","M","PAS DE LAME MONTEE POUR LE LOT AU QUEL APPARTIENT CET INDIVIDU"
"PROASELLUS_WALTERI|ROSSFELD_201409","16SProaF1","16Sbr","","Pwalteri|ROSSFELD_201409_32arn","PROASELLUS_WALTERI|ROSSFELD_201409[CRYO]arnPWRo32","CRYO","CRYO","32arn","","PROASELLUS_WALTERI","2014-10-01","M","M","PAS DE LAME MONTEE POUR LE LOT AU QUEL APPARTIENT CET INDIVIDU"
"PROASELLUS_WALTERI|ROSSFELD_201409","16SProaF1","16Sbr","","Pwalteri|ROSSFELD_201409_3arn","PROASELLUS_WALTERI|ROSSFELD_201409[CRYO]arnPWRo3","CRYO","CRYO","3arn","","PROASELLUS_WALTERI","2014-10-01","M","M","PAS DE LAME MONTEE POUR LE LOT AU QUEL APPARTIENT CET INDIVIDU"
"PROASELLUS_WALTERI|ROSSFELD_201409","16SProaF1","16Sbr","","Pwalteri|ROSSFELD_201409_4arn","PROASELLUS_WALTERI|ROSSFELD_201409[CRYO]arnPWRo4","CRYO","CRYO","4arn","","PROASELLUS_WALTERI","2014-10-01","M","M","PAS DE LAME MONTEE POUR LE LOT AU QUEL APPARTIENT CET INDIVIDU"
"PROASELLUS_WALTERI|ROSSFELD_201409","16SProaF1","16Sbr","","Pwalteri|ROSSFELD_201409_8arn","PROASELLUS_WALTERI|ROSSFELD_201409[CRYO]arnPWRo8","CRYO","CRYO","8arn","","PROASELLUS_WALTERI","2014-10-01","M","M","PAS DE LAME MONTEE POUR LE LOT AU QUEL APPARTIENT CET INDIVIDU"
"PROASELLUS_WALTERI|ROSSFELD_201409","16SProaF1","16Sbr","","Pwalteri|ROSSFELD_201409_10arn","PROASELLUS_WALTERI|ROSSFELD_201409[CRYO]arnPWRo10","CRYO","CRYO","10arn","","PROASELLUS_WALTERI","2014-10-01","M","M","PAS DE LAME MONTEE POUR LE LOT AU QUEL APPARTIENT CET INDIVIDU"
"PROASELLUS_WALTERI|ROSSFELD_201409","16SProaF1","16Sbr","","Pwalteri|ROSSFELD_201409_11arn","PROASELLUS_WALTERI|ROSSFELD_201409[CRYO]arnPWRo11","CRYO","CRYO","11arn","","PROASELLUS_WALTERI","2014-10-01","M","M","PAS DE LAME MONTEE POUR LE LOT AU QUEL APPARTIENT CET INDIVIDU"
"PROASELLUS_WALTERI|ROSSFELD_201409","16SProaF1","16Sbr","","Pwalteri|ROSSFELD_201409_14arn","PROASELLUS_WALTERI|ROSSFELD_201409[CRYO]arnPWRo14","CRYO","CRYO","14arn","","PROASELLUS_WALTERI","2014-10-01","M","M","PAS DE LAME MONTEE POUR LE LOT AU QUEL APPARTIENT CET INDIVIDU"
"PROASELLUS_WALTERI|ROSSFELD_201409","16SProaF1","16Sbr","","Pwalteri|ROSSFELD_201409_15arn","PROASELLUS_WALTERI|ROSSFELD_201409[CRYO]arnPWRo15","CRYO","CRYO","15arn","","PROASELLUS_WALTERI","2014-10-01","M","M","PAS DE LAME MONTEE POUR LE LOT AU QUEL APPARTIENT CET INDIVIDU"
"PROASELLUS_WALTERI|ROSSFELD_201409","16SProaF1","16Sbr","","Pwalteri|ROSSFELD_201409_16arn","PROASELLUS_WALTERI|ROSSFELD_201409[CRYO]arnPWRo16","CRYO","CRYO","16arn","","PROASELLUS_WALTERI","2014-10-01","M","M","PAS DE LAME MONTEE POUR LE LOT AU QUEL APPARTIENT CET INDIVIDU"
"PROASELLUS_WALTERI|ROSSFELD_201409","16SProaF1","16Sbr","","Pwalteri|ROSSFELD_201409_20arn","PROASELLUS_WALTERI|ROSSFELD_201409[CRYO]arnPWRo20","CRYO","CRYO","20arn","","PROASELLUS_WALTERI","2014-10-01","M","M","PAS DE LAME MONTEE POUR LE LOT AU QUEL APPARTIENT CET INDIVIDU"
"PROASELLUS_WALTERI|ROSSFELD_201409","16SProaF1","16Sbr","","Pwalteri|ROSSFELD_201409_22arn","PROASELLUS_WALTERI|ROSSFELD_201409[CRYO]arnPWRo22","CRYO","CRYO","22arn","","PROASELLUS_WALTERI","2014-10-01","M","M","PAS DE LAME MONTEE POUR LE LOT AU QUEL APPARTIENT CET INDIVIDU"
"PROASELLUS_WALTERI|ROSSFELD_201409","16SProaF1","16Sbr","","Pwalteri|ROSSFELD_201409_23arn","PROASELLUS_WALTERI|ROSSFELD_201409[CRYO]arnPWRo23","CRYO","CRYO","23arn","","PROASELLUS_WALTERI","2014-10-01","M","M","PAS DE LAME MONTEE POUR LE LOT AU QUEL APPARTIENT CET INDIVIDU"
"PROASELLUS_WALTERI|ROSSFELD_201409","16SProaF1","16Sbr","","Pwalteri|ROSSFELD_201409_24arn","PROASELLUS_WALTERI|ROSSFELD_201409[CRYO]arnPWRo24","CRYO","CRYO","24arn","","PROASELLUS_WALTERI","2014-10-01","M","M","PAS DE LAME MONTEE POUR LE LOT AU QUEL APPARTIENT CET INDIVIDU"
"PROASELLUS_WALTERI|ROSSFELD_201409","16SProaF1","16Sbr","","Pwalteri|ROSSFELD_201409_31arn","PROASELLUS_WALTERI|ROSSFELD_201409[CRYO]arnPWRo31","CRYO","CRYO","31arn","","PROASELLUS_WALTERI","2014-10-01","M","M","PAS DE LAME MONTEE POUR LE LOT AU QUEL APPARTIENT CET INDIVIDU"
"PROASELLUS_WALTERI|ROSSFELD_201409","16SProaF1","16Sbr","","Pwalteri|ROSSFELD_201409_33arn","PROASELLUS_WALTERI|ROSSFELD_201409[CRYO]arnPWRo33","CRYO","CRYO","33arn","","PROASELLUS_WALTERI","2014-10-01","M","M","PAS DE LAME MONTEE POUR LE LOT AU QUEL APPARTIENT CET INDIVIDU"
"PROASELLUS_WALTERI|ROSSFELD_201409","16SProaF1","16Sbr","","Pwalteri|ROSSFELD_201409_38arn","PROASELLUS_WALTERI|ROSSFELD_201409[CRYO]arnPWRo38","CRYO","CRYO","38arn","","PROASELLUS_WALTERI","2014-10-01","M","M","PAS DE LAME MONTEE POUR LE LOT AU QUEL APPARTIENT CET INDIVIDU"
"PROASELLUS_WALTERI|ROSSFELD_201409","16SProaF1","16Sbr","","Pwalteri|ROSSFELD_201409_40arn","PROASELLUS_WALTERI|ROSSFELD_201409[CRYO]arnPWRo40","CRYO","CRYO","40arn","","PROASELLUS_WALTERI","2014-10-01","M","M","PAS DE LAME MONTEE POUR LE LOT AU QUEL APPARTIENT CET INDIVIDU"
"PROASELLUS_WALTERI|ROSSFELD_201409","16SProaF1","16Sbr","","Pwalteri|ROSSFELD_201409_43arn","PROASELLUS_WALTERI|ROSSFELD_201409[CRYO]arnPWRo43","CRYO","CRYO","43arn","","PROASELLUS_WALTERI","2014-10-01","M","M","PAS DE LAME MONTEE POUR LE LOT AU QUEL APPARTIENT CET INDIVIDU"
"PROASELLUS_WALTERI|ROSSFELD_201409","16SProaF1","16Sbr","","Pwalteri|ROSSFELD_201409_46arn","PROASELLUS_WALTERI|ROSSFELD_201409[CRYO]arnPWRo46","CRYO","CRYO","46arn","","PROASELLUS_WALTERI","2014-10-01","M","M","PAS DE LAME MONTEE POUR LE LOT AU QUEL APPARTIENT CET INDIVIDU"
"PROASELLUS_WALTERI|ROSSFELD_201409","16SProaF1","16Sbr","","Pwalteri|ROSSFELD_201409_48arn","PROASELLUS_WALTERI|ROSSFELD_201409[CRYO]arnPWRo48","CRYO","CRYO","48arn","","PROASELLUS_WALTERI","2014-10-01","M","M","PAS DE LAME MONTEE POUR LE LOT AU QUEL APPARTIENT CET INDIVIDU"
"PROASELLUS_WALTERI|ROSSFELD_201409","16SProaF1","16Sbr","","Pwalteri|ROSSFELD_201409_49arn","PROASELLUS_WALTERI|ROSSFELD_201409[CRYO]arnPWRo49","CRYO","CRYO","49arn","","PROASELLUS_WALTERI","2014-10-01","M","M","PAS DE LAME MONTEE POUR LE LOT AU QUEL APPARTIENT CET INDIVIDU"
"PROASELLUS_WALTERI|ROSSFELD_201409","16SProaF1","16Sbr","","Pwalteri|ROSSFELD_201409_5arn","PROASELLUS_WALTERI|ROSSFELD_201409[CRYO]arnPWRo5","CRYO","CRYO","5arn","","PROASELLUS_WALTERI","2014-10-01","M","M","PAS DE LAME MONTEE POUR LE LOT AU QUEL APPARTIENT CET INDIVIDU"
"PROASELLUS_WALTERI|ROSSFELD_201409","16SProaF1","16Sbr","","Pwalteri|ROSSFELD_201409_6arn","PROASELLUS_WALTERI|ROSSFELD_201409[CRYO]arnPWRo6","CRYO","CRYO","6arn","","PROASELLUS_WALTERI","2014-10-01","M","M","PAS DE LAME MONTEE POUR LE LOT AU QUEL APPARTIENT CET INDIVIDU"
"PROASELLUS_WALTERI|ROSSFELD_201409","16SProaF1","16Sbr","","Pwalteri|ROSSFELD_201409_7arn","PROASELLUS_WALTERI|ROSSFELD_201409[CRYO]arnPWRo7","CRYO","CRYO","7arn","","PROASELLUS_WALTERI","2014-10-01","M","M","PAS DE LAME MONTEE POUR LE LOT AU QUEL APPARTIENT CET INDIVIDU"
"PROASELLUS_WALTERI|ROSSFELD_201409","16SProaF1","16Sbr","","Pwalteri|ROSSFELD_201409_9arn","PROASELLUS_WALTERI|ROSSFELD_201409[CRYO]arnPWRo9","CRYO","CRYO","9arn","","PROASELLUS_WALTERI","2014-10-01","M","M","PAS DE LAME MONTEE POUR LE LOT AU QUEL APPARTIENT CET INDIVIDU"
"PROASELLUS_WALTERI|ROSSFELD_201409","16SProaF1","16Sbr","","Pwalteri|ROSSFELD_201409_12arn","PROASELLUS_WALTERI|ROSSFELD_201409[CRYO]arnPWRo12","CRYO","CRYO","12arn","","PROASELLUS_WALTERI","2014-10-01","M","M","PAS DE LAME MONTEE POUR LE LOT AU QUEL APPARTIENT CET INDIVIDU"
"PROASELLUS_WALTERI|ROSSFELD_201409","16SProaF1","16Sbr","","Pwalteri|ROSSFELD_201409_13arn","PROASELLUS_WALTERI|ROSSFELD_201409[CRYO]arnPWRo13","CRYO","CRYO","13arn","","PROASELLUS_WALTERI","2014-10-01","M","M","PAS DE LAME MONTEE POUR LE LOT AU QUEL APPARTIENT CET INDIVIDU"
"PROASELLUS_WALTERI|ROSSFELD_201409","16SProaF1","16Sbr","","Pwalteri|ROSSFELD_201409_17arn","PROASELLUS_WALTERI|ROSSFELD_201409[CRYO]arnPWRo17","CRYO","CRYO","17arn","","PROASELLUS_WALTERI","2014-10-01","M","M","PAS DE LAME MONTEE POUR LE LOT AU QUEL APPARTIENT CET INDIVIDU"
"PROASELLUS_WALTERI|ROSSFELD_201409","16SProaF1","16Sbr","","Pwalteri|ROSSFELD_201409_19arn","PROASELLUS_WALTERI|ROSSFELD_201409[CRYO]arnPWRo19","CRYO","CRYO","19arn","","PROASELLUS_WALTERI","2014-10-01","M","M","PAS DE LAME MONTEE POUR LE LOT AU QUEL APPARTIENT CET INDIVIDU"
"PROASELLUS_WALTERI|ROSSFELD_201409","16SProaF1","16Sbr","","Pwalteri|ROSSFELD_201409_21arn","PROASELLUS_WALTERI|ROSSFELD_201409[CRYO]arnPWRo21","CRYO","CRYO","21arn","","PROASELLUS_WALTERI","2014-10-01","M","M","PAS DE LAME MONTEE POUR LE LOT AU QUEL APPARTIENT CET INDIVIDU"
"PROASELLUS_WALTERI|ROSSFELD_201409","16SProaF1","16Sbr","","Pwalteri|ROSSFELD_201409_26arn","PROASELLUS_WALTERI|ROSSFELD_201409[CRYO]arnPWRo26","CRYO","CRYO","26arn","","PROASELLUS_WALTERI","2014-10-01","M","M","PAS DE LAME MONTEE POUR LE LOT AU QUEL APPARTIENT CET INDIVIDU"
"PROASELLUS_WALTERI|ROSSFELD_201409","16SProaF1","16Sbr","","Pwalteri|ROSSFELD_201409_27arn","PROASELLUS_WALTERI|ROSSFELD_201409[CRYO]arnPWRo27","CRYO","CRYO","27arn","","PROASELLUS_WALTERI","2014-10-01","M","M","PAS DE LAME MONTEE POUR LE LOT AU QUEL APPARTIENT CET INDIVIDU"
"PROASELLUS_WALTERI|ROSSFELD_201409","16SProaF1","16Sbr","","Pwalteri|ROSSFELD_201409_41arn","PROASELLUS_WALTERI|ROSSFELD_201409[CRYO]arnPWRo41","CRYO","CRYO","41arn","","PROASELLUS_WALTERI","2014-10-01","M","M","PAS DE LAME MONTEE POUR LE LOT AU QUEL APPARTIENT CET INDIVIDU"
"PROASELLUS_WALTERI|ROSSFELD_201409","16SProaF1","16Sbr","","Pwalteri|ROSSFELD_201409_44arn","PROASELLUS_WALTERI|ROSSFELD_201409[CRYO]arnPWRo44","CRYO","CRYO","44arn","","PROASELLUS_WALTERI","2014-10-01","M","M","PAS DE LAME MONTEE POUR LE LOT AU QUEL APPARTIENT CET INDIVIDU"
"PROASELLUS_WALTERI|ROSSFELD_201409","16SProaF1","16Sbr","","Pwalteri|ROSSFELD_201409_45arn","PROASELLUS_WALTERI|ROSSFELD_201409[CRYO]arnPWRo45","CRYO","CRYO","45arn","","PROASELLUS_WALTERI","2014-10-01","M","M","PAS DE LAME MONTEE POUR LE LOT AU QUEL APPARTIENT CET INDIVIDU"
"PROASELLUS_WALTERI|ROUBCRUP_201003","16SProaF1","16Sbr","","Pwalteri|ROUBCRUP_201003_1ID","PROASELLUS_WALTERI|ROUBCRUP_201003[1]PWUP1","A","1","1ID","","PROASELLUS_WALTERI","2010-03-01","M","M","PAS DE LAME MONTEE POUR LE LOT AU QUEL APPARTIENT CET INDIVIDU"
"PROASELLUS_WALTERI|ROUBCRUP_201003","COIPwaltF1","COIHCO2198","","Pwalteri|ROUBCRUP_201003_1ID","PROASELLUS_WALTERI|ROUBCRUP_201003[1]PWUP1","A","1","1ID","","PROASELLUS_WALTERI","2010-03-01","M","M","PAS DE LAME MONTEE POUR LE LOT AU QUEL APPARTIENT CET INDIVIDU"
"PROASELLUS_WALTERI|ROUBCRUP_201003","COIPwaltF1","COIHCO2198","","Pwalteri|ROUBCRUP_201003_2","PROASELLUS_WALTERI|ROUBCRUP_201003[INCONNU]PWUP2","INC","INCONNU","2","","PROASELLUS_WALTERI","2010-03-01","M","M","PAS DE LAME MONTEE POUR LE LOT AU QUEL APPARTIENT CET INDIVIDU"
"PROASELLUS_WALTERI|ROUBSAUZ_201003","16SProaF1","16Sbr","","Pwalteri|ROUBSAUZ_201003_2","PROASELLUS_WALTERI|ROUBSAUZ_201003[B]PWSA2","B","B","2","","PROASELLUS_WALTERI","2010-03-01","M","M","PAS DE LAME MONTEE POUR LE LOT AU QUEL APPARTIENT CET INDIVIDU"
"PROASELLUS_WALTERI|ROUBSAUZ_201003","COIPwaltF1","COIHCO2198","","Pwalteri|ROUBSAUZ_201003_2","PROASELLUS_WALTERI|ROUBSAUZ_201003[B]PWSA2","B","B","2","","PROASELLUS_WALTERI","2010-03-01","M","M","PAS DE LAME MONTEE POUR LE LOT AU QUEL APPARTIENT CET INDIVIDU"
"PROASELLUS_WALTERI|ROUBSAUZ_201003","16SProaF1","16Sbr","","Pwalteri|ROUBSAUZ_201003_3","PROASELLUS_WALTERI|ROUBSAUZ_201003[B]PWSA3","B","B","3","","PROASELLUS_WALTERI","2010-03-01","M","M","PAS DE LAME MONTEE POUR LE LOT AU QUEL APPARTIENT CET INDIVIDU"
"PROASELLUS_WALTERI|ROUBSAUZ_201003","COIPcavaF1","COIHCO2198","","Pwalteri|ROUBSAUZ_201003_3","PROASELLUS_WALTERI|ROUBSAUZ_201003[B]PWSA3","B","B","3","","PROASELLUS_WALTERI","2010-03-01","M","M","PAS DE LAME MONTEE POUR LE LOT AU QUEL APPARTIENT CET INDIVIDU"
"PROASELLUS_WALTERI|ROUBSAUZ_201003","28Slev2","28Sdes1","","Pwalteri|ROUBSAUZ_201003_3","PROASELLUS_WALTERI|ROUBSAUZ_201003[B]PWSA3","B","B","3","","PROASELLUS_WALTERI","2010-03-01","M","M","PAS DE LAME MONTEE POUR LE LOT AU QUEL APPARTIENT CET INDIVIDU"
"PROASELLUS_WALTERI|ROUBSAUZ_201003","28Slev2","28Sdes1","","Pwalteri|ROUBSAUZ_201003_3","PROASELLUS_WALTERI|ROUBSAUZ_201003[B]PWSA3","B","B","3","","PROASELLUS_WALTERI","2010-03-01","M","M","PAS DE LAME MONTEE POUR LE LOT AU QUEL APPARTIENT CET INDIVIDU"
"PROASELLUS_WALTERI|ROUBSAUZ_201006","16SarDr","16SStenaR1","","Pwalteri|ROUBSAUZ_201006_microPWR116","PROASELLUS_WALTERI|ROUBSAUZ_201006[INCONNU]microPWR116","INC","INCONNU","microPWR116","","PROASELLUS_WALTERI","2010-07-01","M","M","PAS DE LAME MONTEE POUR LE LOT AU QUEL APPARTIENT CET INDIVIDU"
"PROASELLUS_WALTERI|SOUSPIRO_200700","16SarDr","16Sbr","","Pwalteri|SOUSPIRO_200700_1ID","PROASELLUS_WALTERI|SOUSPIRO_200700[2]PWS1","A","2","1ID","","PROASELLUS_WALTERI","2007-01-01","A","M",""
"PROASELLUS_WALTERI|SOUSPIRO_200700","28Slev2","28Sdes1","","Pwalteri|SOUSPIRO_200700_2ID","PROASELLUS_WALTERI|SOUSPIRO_200700[3]PWS2","A","3","2ID","","PROASELLUS_WALTERI","2007-01-01","A","M",""
"PROASELLUS_WALTERI|SOUSPIRO_200700","16SPwaltF1","16SPsywastR1","","Pwalteri|SOUSPIRO_200700_2ID","PROASELLUS_WALTERI|SOUSPIRO_200700[3]PWS2","A","3","2ID","","PROASELLUS_WALTERI","2007-01-01","A","M",""
"PROASELLUS_WALTERI|SOUSPIRO_200700","COIPwaltF1","COIPwaltR1","","Pwalteri|SOUSPIRO_200700_2ID","PROASELLUS_WALTERI|SOUSPIRO_200700[3]PWS2","A","3","2ID","","PROASELLUS_WALTERI","2007-01-01","A","M",""
"PROASELLUS_WALTERI|SOUSPIRO_200700","16SarDr","16Sbr","","Pwalteri|SOUSPIRO_200700_4","PROASELLUS_WALTERI|SOUSPIRO_200700[VU]PWS4","B","VU","4","FEMELLE OU FRAGMENT","PROASELLUS_WALTERI","2007-01-01","A","M",""
"PROASELLUS_WALTERI|SOUSPIRO_200700","COIPwaltF1","COIPwaltR1","","Pwalteri|SOUSPIRO_200700_4","PROASELLUS_WALTERI|SOUSPIRO_200700[VU]PWS4","B","VU","4","FEMELLE OU FRAGMENT","PROASELLUS_WALTERI","2007-01-01","A","M",""
"PROASELLUS_WALTERI|STMATERN_201409","COILCO1490","COIPcavaR1","","Pwalteri|STMATERN_201409_1","PROASELLUS_WALTERI|STMATERN_201409[A1]PWSm1","A","A1","1","","PROASELLUS_WALTERI","2014-09-01","M","M",""
"PROASELLUS_WALTERI|STMATERN_201409","16SarDr","16SStenaR1","","Pwalteri|STMATERN_201409_1","PROASELLUS_WALTERI|STMATERN_201409[A1]PWSm1","A","A1","1","","PROASELLUS_WALTERI","2014-09-01","M","M",""
"PROASELLUS_WALTERI|VIELVIC_201407","AM4F2","AM4R2","","Pwalteri|VIELVIC_201407_A2ID","PROASELLUS_WALTERI|VIELVIC_201407[AJ1]A2","MJUV","AJ1","A2ID","","PROASELLUS_WALTERI","2014-07-01","M","M",""
"PROASELLUS_WALTERI|VIELVIC_201407","AM4F2","AM4R1","","Pwalteri|VIELVIC_201407_A2ID","PROASELLUS_WALTERI|VIELVIC_201407[AJ1]A2","MJUV","AJ1","A2ID","","PROASELLUS_WALTERI","2014-07-01","M","M",""
"PROASELLUS_WALTERI|VIELVIC_201407","16SProaF1","16Sbr","","Pwalteri|VIELVIC_201407_A2ID","PROASELLUS_WALTERI|VIELVIC_201407[AJ1]A2","MJUV","AJ1","A2ID","","PROASELLUS_WALTERI","2014-07-01","M","M",""
"PROASELLUS_WALTERI|VIELVIC_201407","COILCO1490","COIPwaltR1","","Pwalteri|VIELVIC_201407_A2ID","PROASELLUS_WALTERI|VIELVIC_201407[AJ1]A2","MJUV","AJ1","A2ID","","PROASELLUS_WALTERI","2014-07-01","M","M",""
"PROASELLUS_WALTERI|VIELVIC_201407","28SStenaF1a","28SStenaR1","","Pwalteri|VIELVIC_201407_A2ID","PROASELLUS_WALTERI|VIELVIC_201407[AJ1]A2","MJUV","AJ1","A2ID","","PROASELLUS_WALTERI","2014-07-01","M","M",""
"PROASELLUS_WALTERI|VIELVIC_201407","28Slev2","28Sdes1","","Pwalteri|VIELVIC_201407_A2ID","PROASELLUS_WALTERI|VIELVIC_201407[AJ1]A2","MJUV","AJ1","A2ID","","PROASELLUS_WALTERI","2014-07-01","M","M",""
"PROASELLUS_WALTERI|VIELVIC_201407","16SProaF1","16Sbr","","Pwalteri|VIELVIC_201407_E4","PROASELLUS_WALTERI|VIELVIC_201407[B1]E4","B","B1","E4","","PROASELLUS_WALTERI","2014-07-01","M","M",""
"PROASELLUS_WALTERI|VIELVIC_201407","16SProaF1","16Sbr","","Pwalteri|VIELVIC_201407_F4","PROASELLUS_WALTERI|VIELVIC_201407[B2]F4","B","B2","F4","","PROASELLUS_WALTERI","2014-07-01","M","M",""
"PROASELLUS_WALTERI|VIELVIC_201409","16SarDr","16SStenaR1","","Pwalteri|VIELVIC_201409_2arn","PROASELLUS_WALTERI|VIELVIC_201409[CRYO]arnPWVi2","CRYO","CRYO","2arn","","PROASELLUS_WALTERI","2014-09-01","M","M","PAS DE LAME MONTEE POUR LE LOT AU QUEL APPARTIENT CET INDIVIDU"
"PROASELLUS_WALTERI|VIELVIC_201409","16SProaF1","16Sbr","","Pwalteri|VIELVIC_201409_4arn","PROASELLUS_WALTERI|VIELVIC_201409[CRYO]arnPWVi4","CRYO","CRYO","4arn","","PROASELLUS_WALTERI","2014-09-01","M","M","PAS DE LAME MONTEE POUR LE LOT AU QUEL APPARTIENT CET INDIVIDU"
"PROASELLUS_WALTERI|VIELVIC_201409","16SProaF1","16Sbr","","Pwalteri|VIELVIC_201409_6arn","PROASELLUS_WALTERI|VIELVIC_201409[CRYO]arnPWVi6","CRYO","CRYO","6arn","","PROASELLUS_WALTERI","2014-09-01","M","M","PAS DE LAME MONTEE POUR LE LOT AU QUEL APPARTIENT CET INDIVIDU"
"PROASELLUS_WALTERI|VIELVIC_201409","16SProaF1","16Sbr","","Pwalteri|VIELVIC_201409_13arn","PROASELLUS_WALTERI|VIELVIC_201409[CRYO]arnPWVi13","CRYO","CRYO","13arn","","PROASELLUS_WALTERI","2014-09-01","M","M","PAS DE LAME MONTEE POUR LE LOT AU QUEL APPARTIENT CET INDIVIDU"
"PROASELLUS_WALTERI|VIELVIC_201409","16SProaF1","16Sbr","","Pwalteri|VIELVIC_201409_15arn","PROASELLUS_WALTERI|VIELVIC_201409[CRYO]arnPWVi15","CRYO","CRYO","15arn","","PROASELLUS_WALTERI","2014-09-01","M","M","PAS DE LAME MONTEE POUR LE LOT AU QUEL APPARTIENT CET INDIVIDU"
"PROASELLUS_WALTERI|VIELVIC_201506","16SarDr","16SStenaR1","","Pwalteri|VIELVIC_201506_37arn","PROASELLUS_WALTERI|VIELVIC_201506[CRYO]arnPWVi37","CRYO","CRYO","37arn","","PROASELLUS_WALTERI","2015-06-01","M","M","PAS DE LAME MONTEE POUR LE LOT AU QUEL APPARTIENT CET INDIVIDU"
"PROASELLUS_WALTERI|VIELVIC_201506","16SarDr","16SStenaR1","","Pwalteri|VIELVIC_201506_39arn","PROASELLUS_WALTERI|VIELVIC_201506[CRYO]arnPWVi39","CRYO","CRYO","39arn","","PROASELLUS_WALTERI","2015-06-01","M","M","PAS DE LAME MONTEE POUR LE LOT AU QUEL APPARTIENT CET INDIVIDU"
"PROASELLUS_WALTERI|VIELVIC_201506","16SarDr","16SStenaR1","","Pwalteri|VIELVIC_201506_50arn","PROASELLUS_WALTERI|VIELVIC_201506[CRYO]arnPWVi50","CRYO","CRYO","50arn","","PROASELLUS_WALTERI","2015-06-01","M","M","PAS DE LAME MONTEE POUR LE LOT AU QUEL APPARTIENT CET INDIVIDU"
"PROASELLUS_WALTERI|VIELVIC_201506","16SarDr","16SStenaR1","","Pwalteri|VIELVIC_201506_51arn","PROASELLUS_WALTERI|VIELVIC_201506[CRYO]arnPWVi51","CRYO","CRYO","51arn","","PROASELLUS_WALTERI","2015-06-01","M","M","PAS DE LAME MONTEE POUR LE LOT AU QUEL APPARTIENT CET INDIVIDU"
"PROASELLUS_WALTERI|VIELVIC_201506","16SarDr","16SStenaR1","","Pwalteri|VIELVIC_201506_55arn","PROASELLUS_WALTERI|VIELVIC_201506[CRYO]arnPWVi55","CRYO","CRYO","55arn","","PROASELLUS_WALTERI","2015-06-01","M","M","PAS DE LAME MONTEE POUR LE LOT AU QUEL APPARTIENT CET INDIVIDU"
"PROASELLUS_WALTERI|VIELVIC_201506","16SarDr","16SStenaR1","","Pwalteri|VIELVIC_201506_61arn","PROASELLUS_WALTERI|VIELVIC_201506[CRYO]arnPWVi61","CRYO","CRYO","61arn","","PROASELLUS_WALTERI","2015-06-01","M","M","PAS DE LAME MONTEE POUR LE LOT AU QUEL APPARTIENT CET INDIVIDU"
"PROASELLUS_WALTERI|VIOLETTE_200707","COIPwaltF1","COIHCO2198","","Pwalteri|VIOLETTE_200707_1ID","PROASELLUS_WALTERI|VIOLETTE_200707[8]PWV1","A","8","1ID","","PROASELLUS_WALTERI","2007-07-01","M","M",""
"PROASELLUS_WALTERI|VIOLETTE_200707","16SarDr","16Sbr","","Pwalteri|VIOLETTE_200707_1ID","PROASELLUS_WALTERI|VIOLETTE_200707[8]PWV1","A","8","1ID","","PROASELLUS_WALTERI","2007-07-01","M","M",""
"PROASELLUS_WALTERI|VIOLETTE_200707","28Slev2","28Sdes1","","Pwalteri|VIOLETTE_200707_1ID","PROASELLUS_WALTERI|VIOLETTE_200707[8]PWV1","A","8","1ID","","PROASELLUS_WALTERI","2007-07-01","M","M",""
"PROASELLUS_WALTERI|VIOLETTE_200707","28Slev2","28Sdes1","","Pwalteri|VIOLETTE_200707_1ID","PROASELLUS_WALTERI|VIOLETTE_200707[8]PWV1","A","8","1ID","","PROASELLUS_WALTERI","2007-07-01","M","M",""
"PROASELLUS_WALTERI|VIOLETTE_200707","16SarDr","16Sbr","","Pwalteri|VIOLETTE_200707_2ID","PROASELLUS_WALTERI|VIOLETTE_200707[2]PWV2","A","2","2ID","","PROASELLUS_WALTERI","2007-07-01","M","M",""
"PROASELLUS_WALTERI|VIOLETTE_200707","COIPwaltF1","COIPwaltR1","","Pwalteri|VIOLETTE_200707_2ID","PROASELLUS_WALTERI|VIOLETTE_200707[2]PWV2","A","2","2ID","","PROASELLUS_WALTERI","2007-07-01","M","M",""
"PROASELLUS_WALTERI|VIOLETTE_200707","28Slev2","28Sdes1","","Pwalteri|VIOLETTE_200707_2ID","PROASELLUS_WALTERI|VIOLETTE_200707[2]PWV2","A","2","2ID","","PROASELLUS_WALTERI","2007-07-01","M","M",""
"PROASELLUS_WALTERI|VIOLETTE_200707","28Slev2","28Sdes1","","Pwalteri|VIOLETTE_200707_2ID","PROASELLUS_WALTERI|VIOLETTE_200707[2]PWV2","A","2","2ID","","PROASELLUS_WALTERI","2007-07-01","M","M",""
"PROASELLUS_WALTERI|VIOLETTE_200707","28Slev2","28Sdes1","","Pwalteri|VIOLETTE_200707_2ID","PROASELLUS_WALTERI|VIOLETTE_200707[2]PWV2","A","2","2ID","","PROASELLUS_WALTERI","2007-07-01","M","M",""
"PROASELLUS_WALTERI|VIOLETTE_200707","16SarDr","16Sbr","","Pwalteri|VIOLETTE_200707_3ID","PROASELLUS_WALTERI|VIOLETTE_200707[3]PWV3","A","3","3ID","","PROASELLUS_WALTERI","2007-07-01","M","M",""
"PROASELLUS_WALTERI|VIOLETTE_200707","COIPwaltF1","COIPwaltR1","","Pwalteri|VIOLETTE_200707_3ID","PROASELLUS_WALTERI|VIOLETTE_200707[3]PWV3","A","3","3ID","","PROASELLUS_WALTERI","2007-07-01","M","M",""
