"code_station","lat_deg_dec","long_deg_dec","code_lot_materiel","taxname_lot","date_identification_lot","code_ind_tri_morpho","taxname_ind","date_identification_ind","code_ind_biomol","code_sqc_ass","code_sqc_alignement","statut_sqc_ass","date_creation_sqc_ass","taxname_sqc","date_identification_sqc_ass"
"190K","43.61","39.93","ASELLUS_AQUATICUS|190K_201107","ASELLUS_AQUATICUS","2011-07-01","ASELLUS_AQUATICUS|190K_201107[1]AAK1","ASELLUS_AQUATICUS","2011-07-01","Aaquaticus|190K_201107_1","","","","","",""
"ALBARON","43.6185","4.45964","ASELLUS_AQUATICUS|ALBARON_201004","ASELLUS_AQUATICUS","2010-04-19","","","","","","","","","",""
"ASL4","42.48418","19.15389","PROASELLUS_SP|ASL4_201409","PROASELLUS_SP","2016-06-01","PROASELLUS_SP|ASL4_201409[A1]Psp4A1","PROASELLUS_SP","2016-06-01","Psp|ASL4_201409_1ID","Aaquaticus|ASL4_201409_1IDex_YAE868|16SPcavR1_exPsp","Aaquaticus|ASL4_201409_1IDex_YAE868|16SPcavR1_exPsp","VALIDEE","2017-09-15","ASELLUS_AQUATICUS","2017-09-15"
"ASL4","42.48418","19.15389","PROASELLUS_SP|ASL4_201409","PROASELLUS_SP","2016-06-01","PROASELLUS_SP|ASL4_201409[A1]Psp4A1","PROASELLUS_SP","2016-06-01","Psp|ASL4_201409_1ID","Aaquaticus|ASL4_201409_1IDex_YAE876|COILKR3_YAE885_COILKF1_exPsp","Aaquaticus|ASL4_201409_1IDex_YAE876|COILKR3_YAE885_COILKF1_exPsp","VALIDEE","2017-09-15","ASELLUS_AQUATICUS","2017-09-15"
"ASL4","42.48418","19.15389","PROASELLUS_SP|ASL4_201409","PROASELLUS_SP","2016-06-01","PROASELLUS_SP|ASL4_201409[B1]Psp4A2","PROASELLUS_SP","2016-06-01","Psp|ASL4_201409_2","Aaquaticus|ASL4_201409_2ex_YAE862|16SarDr_exPsp","Aaquaticus|ASL4_201409_2ex_YAE862|16SarDr_exPsp","VALIDEE","2017-09-15","ASELLUS_AQUATICUS","2017-09-15"
"ASL4","42.48418","19.15389","PROASELLUS_SP|ASL4_201409","PROASELLUS_SP","2016-06-01","PROASELLUS_SP|ASL4_201409[B2]Psp4A3","PROASELLUS_SP","2016-06-01","Psp|ASL4_201409_3","Aaquaticus|ASL4_201409_3ex_YAE869|16SPcavR1_exPsp","Aaquaticus|ASL4_201409_3ex_YAE869|16SPcavR1_exPsp","VALIDEE","2017-09-15","ASELLUS_AQUATICUS","2017-09-15"
"ASL4","42.48418","19.15389","PROASELLUS_SP|ASL4_201409","PROASELLUS_SP","2016-06-01","PROASELLUS_SP|ASL4_201409[B2]Psp4A3","PROASELLUS_SP","2016-06-01","Psp|ASL4_201409_3","Aaquaticus|ASL4_201409_3ex_YAE886|COILKR2_exPsp","Aaquaticus|ASL4_201409_3ex_YAE886|COILKR2_exPsp","VALIDEE","2017-09-15","ASELLUS_AQUATICUS","2017-09-15"
"ASTRAKRV","35.240961","25.220885","ASELLUS_AQUATICUS|ASTRAKRV_201610","ASELLUS_AQUATICUS","2016-12-01","ASELLUS_AQUATICUS|ASTRAKRV_201610[A1]AAA1","ASELLUS_AQUATICUS","2016-10-09","Aaquaticus|ASTRAKRV_201610_1ID","Aaquaticus|ASTRAKRV_201610_1ID_YAF417|16SStenaF1","Aaquaticus|ASTRAKRV_201610_1ID_YAF417|16SStenaF1","VALIDEE","2017-09-15","ASELLUS_AQUATICUS","2017-09-15"
"ASTRAKRV","35.240961","25.220885","ASELLUS_AQUATICUS|ASTRAKRV_201610","ASELLUS_AQUATICUS","2016-12-01","ASELLUS_AQUATICUS|ASTRAKRV_201610[A1]AAA1","ASELLUS_AQUATICUS","2016-10-09","Aaquaticus|ASTRAKRV_201610_1ID","Aaquaticus|ASTRAKRV_201610_1ID_YAF573|COILKF1_YAF656_jgHCO2198","Aaquaticus|ASTRAKRV_201610_1ID_YAF573|COILKF1_YAF656_jgHCO2198","VALIDEE","2017-09-15","ASELLUS_AQUATICUS","2017-09-15"
"AVANNLAV","47.20049","5.96536","ASELLUS_AQUATICUS|AVANNLAV_201202","ASELLUS_AQUATICUS","2012-04-01","","","","","","","","","",""
"AVANNRES","47.20092","5.96685","ASELLUS_AQUATICUS|AVANNRES_201202","ASELLUS_AQUATICUS","2012-04-01","","","","","","","","","",""
"BAKOVAC","44.3491","15.74064","ASELLUS_AQUATICUS|BAKOVAC_201107","ASELLUS_AQUATICUS","2011-08-01","","","","","","","","","",""
"BASEMOUL","45.507262","5.210018","ASELLUS_AQUATICUS|BASEMOUL_201309","ASELLUS_AQUATICUS","2013-09-01","","","","","","","","","",""
"BATEAU","44.326275","4.544165","ASELLUS_AQUATICUS|BATEAU_201306","ASELLUS_AQUATICUS","2013-07-01","","","","","","","","","",""
"BORL","46.37579","16.00205","ASELLUS_AQUATICUS|BORL_201009","ASELLUS_AQUATICUS","2010-11-01","","","","","","","","","",""
"BRECORMG","45.611667","5.623611","ASELLUS_AQUATICUS|BRECORMG_201108","ASELLUS_AQUATICUS","2011-09-01","","","","","","","","","",""
"BRJE","45.87336","13.80329","ASELLUS_AQUATICUS|BRJE_201008","ASELLUS_AQUATICUS","2010-11-01","","","","","","","","","",""
"CADENET","43.711646","5.359449","ASELLUS_AQUATICUS|CADENET_201102","ASELLUS_AQUATICUS","2011-03-01","","","","","","","","","",""
"CALCINAT","45.450373","10.384854","ASELLUS_AQUATICUS|CALCINAT_201608","ASELLUS_AQUATICUS","2016-12-01","ASELLUS_AQUATICUS|CALCINAT_201608[A1]AACa1","ASELLUS_AQUATICUS","2016-12-01","Aaquaticus|CALCINAT_201608_1ID","Aaquaticus|CALCINAT_201608_1ID_YAF409|16SStenaR1","Aaquaticus|CALCINAT_201608_1ID_YAF409|16SStenaR1","VALIDEE","2017-09-15","ASELLUS_AQUATICUS","2017-09-15"
"CALCINAT","45.450373","10.384854","ASELLUS_AQUATICUS|CALCINAT_201608","ASELLUS_AQUATICUS","2016-12-01","ASELLUS_AQUATICUS|CALCINAT_201608[A1]AACa1","ASELLUS_AQUATICUS","2016-12-01","Aaquaticus|CALCINAT_201608_1ID","Aaquaticus|CALCINAT_201608_1ID_YAF575|COILKF1_YAF703_COILKR3b_dil_YAF717_COILKF1_dil","Aaquaticus|CALCINAT_201608_1ID_YAF575|COILKF1_YAF703_COILKR3b_dil_YAF717_COILKF1_dil","VALIDEE","2017-09-15","ASELLUS_AQUATICUS","2017-09-15"
"CEPKI1","45.54244","13.83404","ASELLUS_AQUATICUS|CEPKI1_201009","ASELLUS_AQUATICUS","2010-11-01","","","","","","","","","",""
"CEZEBAGN","44.16414","4.63362","PROASELLUS_SP|CEZEBAGN_201605","PROASELLUS_SP","2016-06-01","PROASELLUS_SP|CEZEBAGN_201605[J1]PspZ1","PROASELLUS_SP","2016-06-01","Psp|CEZEBAGN_201605_1","Aaquaticus|CEZEBAGN_201605_1ex_YAE956|16SStenaF1_exPsp","Aaquaticus|CEZEBAGN_201605_1ex_YAE956|16SStenaF1_exPsp","VALIDEE","2017-09-15","ASELLUS_AQUATICUS","2017-09-15"
"CEZEBAGN","44.16414","4.63362","PROASELLUS_SP|CEZEBAGN_201605","PROASELLUS_SP","2016-06-01","PROASELLUS_SP|CEZEBAGN_201605[J1]PspZ1","PROASELLUS_SP","2016-06-01","Psp|CEZEBAGN_201605_1","Aaquaticus|CEZEBAGN_201605_1ex_YAF010|COILKF1_YAF018_COILKR1_exPsp","Aaquaticus|CEZEBAGN_201605_1ex_YAF010|COILKF1_YAF018_COILKR1_exPsp","VALIDEE","2017-09-15","ASELLUS_AQUATICUS","2017-09-15"
"CEZEBAGN","44.16414","4.63362","PROASELLUS_SP|CEZEBAGN_201605","PROASELLUS_SP","2016-06-01","PROASELLUS_SP|CEZEBAGN_201605[J2]PspZ2","PROASELLUS_SP","2016-06-01","Psp|CEZEBAGN_201605_2","Aaquaticus|CEZEBAGN_201605_2ex_YAE957|16SStenaF1_exPsp","Aaquaticus|CEZEBAGN_201605_2ex_YAE957|16SStenaF1_exPsp","VALIDEE","2017-09-15","ASELLUS_AQUATICUS","2017-09-15"
"CEZEBAGN","44.16414","4.63362","PROASELLUS_SP|CEZEBAGN_201605","PROASELLUS_SP","2016-06-01","PROASELLUS_SP|CEZEBAGN_201605[J2]PspZ2","PROASELLUS_SP","2016-06-01","Psp|CEZEBAGN_201605_2","Aaquaticus|CEZEBAGN_201605_2ex_YAF011|COILKF1_exPsp","Aaquaticus|CEZEBAGN_201605_2ex_YAF011|COILKF1_exPsp","VALIDEE","2017-09-15","ASELLUS_AQUATICUS","2017-09-15"
"CEZEBAGN","44.16414","4.63362","PROASELLUS_SP|CEZEBAGN_201605","PROASELLUS_SP","2016-06-01","PROASELLUS_SP|CEZEBAGN_201605[J3]PspZ3","PROASELLUS_SP","2016-06-01","Psp|CEZEBAGN_201605_3","Aaquaticus|CEZEBAGN_201605_3ex_YAE980|16SStenaR1_exPsp","Aaquaticus|CEZEBAGN_201605_3ex_YAE980|16SStenaR1_exPsp","VALIDEE","2017-09-15","ASELLUS_AQUATICUS","2017-09-15"
"CHAMBLAY","47.00278","5.703611","ASELLUS_AQUATICUS|CHAMBLAY_200707","ASELLUS_AQUATICUS","2007-07-25","ASELLUS_AQUATICUS|CHAMBLAY_200707[1]AAC1","ASELLUS_AQUATICUS","2007-07-25","Aaquaticus|CHAMBLAY_200707_1ID","","","","","",""
"CHAMBLAY","47.00278","5.703611","ASELLUS_AQUATICUS|CHAMBLAY_200707","ASELLUS_AQUATICUS","2007-07-25","ASELLUS_AQUATICUS|CHAMBLAY_200707[A]AAC2","ASELLUS_AQUATICUS","2007-07-25","Aaquaticus|CHAMBLAY_200707_2","","","","","",""
"CHAMBLAY","47.00278","5.703611","ASELLUS_AQUATICUS|CHAMBLAY_200707","ASELLUS_AQUATICUS","2007-07-25","ASELLUS_AQUATICUS|CHAMBLAY_200707[B]AAC3","ASELLUS_AQUATICUS","2007-07-25","Aaquaticus|CHAMBLAY_200707_3","","","","","",""
"CHAMBLAY","47.00278","5.703611","ASELLUS_AQUATICUS|CHAMBLAY_200707","ASELLUS_AQUATICUS","2007-07-25","ASELLUS_AQUATICUS|CHAMBLAY_200707[C]AAC4","ASELLUS_AQUATICUS","2007-07-25","Aaquaticus|CHAMBLAY_200707_4","","","","","",""
"CHAMBLAY","47.00278","5.703611","ASELLUS_AQUATICUS|CHAMBLAY_200707","ASELLUS_AQUATICUS","2007-07-25","ASELLUS_AQUATICUS|CHAMBLAY_200707[H]AAC5","ASELLUS_AQUATICUS","2007-07-25","Aaquaticus|CHAMBLAY_200707_5","","","","","",""
"CHAMBLAY","47.00278","5.703611","ASELLUS_AQUATICUS|CHAMBLAY_200707","ASELLUS_AQUATICUS","2007-07-25","ASELLUS_AQUATICUS|CHAMBLAY_200707[I]AAC6","ASELLUS_AQUATICUS","2007-07-25","Aaquaticus|CHAMBLAY_200707_6","","","","","",""
"CHERCHI","42.15194","9.501944","ASELLUS_AQUATICUS|CHERCHI_200810","ASELLUS_AQUATICUS","2008-11-01","ASELLUS_AQUATICUS|CHERCHI_200810[1","ASELLUS_AQUATICUS","2008-10-11","","","","","","",""
"CHERCHI","42.15194","9.501944","ASELLUS_AQUATICUS|CHERCHI_200810","ASELLUS_AQUATICUS","2008-11-01","ASELLUS_AQUATICUS|CHERCHI_200810[2","ASELLUS_AQUATICUS","2008-10-11","","","","","","",""
"CHERCHI","42.15194","9.501944","ASELLUS_AQUATICUS|CHERCHI_200810","ASELLUS_AQUATICUS","2008-11-01","ASELLUS_AQUATICUS|CHERCHI_200810[3","ASELLUS_AQUATICUS","2008-10-11","","","","","","",""
"CONDACSC","46.027719","0.227673","ASELLUS_AQUATICUS|CONDACSC_201308","ASELLUS_AQUATICUS","2013-09-01","","","","","","","","","",""
"CRAPONNE","45.73796","4.732155","ASELLUS_SP|CRAPONNE_201605","ASELLUS_SP","2016-06-01","ASELLUS_SP|CRAPONNE_201605[B1]AaCn1","ASELLUS_SP","2016-06-01","Asp|CRAPONNE_201605_1","Aaquaticus|CRAPONNE_201605_1ex_YAE977|16SStenaR1_exAsp","Aaquaticus|CRAPONNE_201605_1ex_YAE977|16SStenaR1_exAsp","VALIDEE","2017-09-15","ASELLUS_AQUATICUS","2017-09-15"
"CRAPONNE","45.73796","4.732155","ASELLUS_SP|CRAPONNE_201605","ASELLUS_SP","2016-06-01","ASELLUS_SP|CRAPONNE_201605[B1]AaCn1","ASELLUS_SP","2016-06-01","Asp|CRAPONNE_201605_1","Aaquaticus|CRAPONNE_201605_1ex_YAF012|COILKF1_YAF020_COILKR1_exAsp","Aaquaticus|CRAPONNE_201605_1ex_YAF012|COILKF1_YAF020_COILKR1_exAsp","VALIDEE","2017-09-15","ASELLUS_AQUATICUS","2017-09-15"
"CZ03CEZE","44.242949","4.318472","ASELLUS_AQUATICUS|CZ03CEZE_201307","ASELLUS_AQUATICUS","2013-09-01","","","","","","","","","",""
"DILAKKOS","35.320002","25.667938","ASELLUS_AQUATICUS|DILAKKOS_201610","ASELLUS_AQUATICUS","2016-12-01","ASELLUS_AQUATICUS|DILAKKOS_201610[A1]AADi1","ASELLUS_AQUATICUS","2016-12-01","Aaquaticus|DILAKKOS_201610_1ID","Aaquaticus|DILAKKOS_201610_1ID_YAF421|16SStenaF1","Aaquaticus|DILAKKOS_201610_1ID_YAF421|16SStenaF1","VALIDEE","2017-09-15","ASELLUS_AQUATICUS","2017-09-15"
"DILAKKOS","35.320002","25.667938","ASELLUS_AQUATICUS|DILAKKOS_201610","ASELLUS_AQUATICUS","2016-12-01","ASELLUS_AQUATICUS|DILAKKOS_201610[A1]AADi1","ASELLUS_AQUATICUS","2016-12-01","Aaquaticus|DILAKKOS_201610_1ID","Aaquaticus|DILAKKOS_201610_1ID_YAF577|COILKF1","Aaquaticus|DILAKKOS_201610_1ID_YAF577|COILKF1","VALIDEE","2017-09-15","ASELLUS_AQUATICUS","2017-09-15"
"DOLINA","45.61256","13.86001","ASELLUS_AQUATICUS|DOLINA_201008","ASELLUS_AQUATICUS","2010-11-01","","","","","","","","","",""
"DOMMEDOR","44.811","1.219","ASELLUS_AQUATICUS|DOMMEDOR_201608","ASELLUS_AQUATICUS","2016-12-01","ASELLUS_AQUATICUS|DOMMEDOR_201608[A1]AADm1","ASELLUS_AQUATICUS","2016-08-14","Aaquaticus|DOMMEDOR_201608_1ID","Aaquaticus|DOMMEDOR_201608_1ID_YAF423|16SStenaF1","Aaquaticus|DOMMEDOR_201608_1ID_YAF423|16SStenaF1","VALIDEE","2017-09-15","ASELLUS_AQUATICUS","2017-09-15"
"DOMMEDOR","44.811","1.219","ASELLUS_AQUATICUS|DOMMEDOR_201608","ASELLUS_AQUATICUS","2016-12-01","ASELLUS_AQUATICUS|DOMMEDOR_201608[A1]AADm1","ASELLUS_AQUATICUS","2016-08-14","Aaquaticus|DOMMEDOR_201608_1ID","Aaquaticus|DOMMEDOR_201608_1ID_YAF579|COILKF1","Aaquaticus|DOMMEDOR_201608_1ID_YAF579|COILKF1","VALIDEE","2017-09-15","ASELLUS_AQUATICUS","2017-09-15"
"DORIESPD","35.286803","25.67744","ASELLUS_AQUATICUS|DORIESPD_201610","ASELLUS_AQUATICUS","2016-12-01","ASELLUS_AQUATICUS|DORIESPD_201610[A1]AADo1","ASELLUS_AQUATICUS","2016-12-01","Aaquaticus|DORIESPD_201610_1ID","Aaquaticus|DORIESPD_201610_1ID_YAF425|16SStenaR1","Aaquaticus|DORIESPD_201610_1ID_YAF425|16SStenaR1","VALIDEE","2017-09-15","ASELLUS_AQUATICUS","2017-09-15"
"DORIESPD","35.286803","25.67744","ASELLUS_AQUATICUS|DORIESPD_201610","ASELLUS_AQUATICUS","2016-12-01","ASELLUS_AQUATICUS|DORIESPD_201610[A1]AADo1","ASELLUS_AQUATICUS","2016-12-01","Aaquaticus|DORIESPD_201610_1ID","Aaquaticus|DORIESPD_201610_1ID_YAF616|COILKR1","Aaquaticus|DORIESPD_201610_1ID_YAF616|COILKR1","VALIDEE","2017-09-15","ASELLUS_AQUATICUS","2017-09-15"
"DRASIWEL","35.231166","25.601689","ASELLUS_AQUATICUS|DRASIWEL_201610","ASELLUS_AQUATICUS","2016-12-01","ASELLUS_AQUATICUS|DRASIWEL_201610[A1]AADr1","ASELLUS_AQUATICUS","2016-12-01","Aaquaticus|DRASIWEL_201610_1ID","Aaquaticus|DRASIWEL_201610_1ID_YAF415|16SStenaR1","Aaquaticus|DRASIWEL_201610_1ID_YAF415|16SStenaR1","VALIDEE","2017-09-15","ASELLUS_AQUATICUS","2017-09-15"
"DRASIWEL","35.231166","25.601689","ASELLUS_AQUATICUS|DRASIWEL_201610","ASELLUS_AQUATICUS","2016-12-01","ASELLUS_AQUATICUS|DRASIWEL_201610[A1]AADr1","ASELLUS_AQUATICUS","2016-12-01","Aaquaticus|DRASIWEL_201610_1ID","Aaquaticus|DRASIWEL_201610_1ID_YAF590|COILKF1_YAF693_COIHCO2198","Aaquaticus|DRASIWEL_201610_1ID_YAF590|COILKF1_YAF693_COIHCO2198","VALIDEE","2017-09-15","ASELLUS_AQUATICUS","2017-09-15"
"ETGDOUA","45.779916","4.867144","ASELLUS_AQUATICUS|ETGDOUA_201006","ASELLUS_AQUATICUS","2010-06-01","ASELLUS_AQUATICUS|ETGDOUA_201006[SIL]AaqDE1","ASELLUS_AQUATICUS","2010-07-01","Aaquaticus|ETGDOUA_201006_DE1","","","","","",""
"ETGDOUA","45.779916","4.867144","ASELLUS_AQUATICUS|ETGDOUA_201006","ASELLUS_AQUATICUS","2010-06-01","ASELLUS_AQUATICUS|ETGDOUA_201006[SIL]AaqDE2","ASELLUS_AQUATICUS","2010-07-01","Aaquaticus|ETGDOUA_201006_DE2","","","","","",""
"ETGDOUA","45.779916","4.867144","ASELLUS_AQUATICUS|ETGDOUA_201006","ASELLUS_AQUATICUS","2010-06-01","ASELLUS_AQUATICUS|ETGDOUA_201006[SIL]AaqDE3","ASELLUS_AQUATICUS","2010-07-01","Aaquaticus|ETGDOUA_201006_DE3","","","","","",""
"ETGDOUA","45.779916","4.867144","ASELLUS_AQUATICUS|ETGDOUA_201006","ASELLUS_AQUATICUS","2010-06-01","ASELLUS_AQUATICUS|ETGDOUA_201006[SIL]Aaq_DE4","ASELLUS_AQUATICUS","2010-07-01","Aaquaticus|ETGDOUA_201006_DE4","","","","","",""
"ETGDOUA","45.779916","4.867144","ASELLUS_AQUATICUS|ETGDOUA_201006","ASELLUS_AQUATICUS","2010-06-01","ASELLUS_AQUATICUS|ETGDOUA_201006[SIL]Aaq_DE5","ASELLUS_AQUATICUS","2010-07-01","Aaquaticus|ETGDOUA_201006_DE5","","","","","",""
"ETGDOUA","45.779916","4.867144","ASELLUS_AQUATICUS|ETGDOUA_201006","ASELLUS_AQUATICUS","2010-06-01","ASELLUS_AQUATICUS|ETGDOUA_201006[SIL]Aaq_DE6","ASELLUS_AQUATICUS","2010-07-01","Aaquaticus|ETGDOUA_201006_DE6","","","","","",""
"ETGDOUA","45.779916","4.867144","ASELLUS_AQUATICUS|ETGDOUA_201006","ASELLUS_AQUATICUS","2010-06-01","ASELLUS_AQUATICUS|ETGDOUA_201006[SIL]AaqTem1","ASELLUS_AQUATICUS","2010-07-01","Aaquaticus|ETGDOUA_201006_temDE1","","","","","",""
"ETGDOUA","45.779916","4.867144","ASELLUS_AQUATICUS|ETGDOUA_201006","ASELLUS_AQUATICUS","2010-06-01","ASELLUS_AQUATICUS|ETGDOUA_201006[SIL]Aaq_TemDE2","ASELLUS_AQUATICUS","2010-07-01","Aaquaticus|ETGDOUA_201006_temDE2","","","","","",""
"ETGDOUA","45.779916","4.867144","ASELLUS_AQUATICUS|ETGDOUA_201006","ASELLUS_AQUATICUS","2010-06-01","ASELLUS_AQUATICUS|ETGDOUA_201006[1","ASELLUS_AQUATICUS","2010-07-01","","","","","","",""
"ETGDOUA","45.779916","4.867144","ASELLUS_AQUATICUS|ETGDOUA_201006","ASELLUS_AQUATICUS","2010-06-01","ASELLUS_AQUATICUS|ETGDOUA_201006[2","ASELLUS_AQUATICUS","2010-07-01","","","","","","",""
"ETGDOUA","45.779916","4.867144","ASELLUS_AQUATICUS|ETGDOUA_201007","ASELLUS_AQUATICUS","2010-07-01","ASELLUS_AQUATICUS|ETGDOUA_201007[SIL]Aaq_DE7","ASELLUS_AQUATICUS","2010-07-01","Aaquaticus|ETGDOUA_201006_DE7","","","","","",""
"ETGDOUA","45.779916","4.867144","ASELLUS_AQUATICUS|ETGDOUA_201007","ASELLUS_AQUATICUS","2010-07-01","ASELLUS_AQUATICUS|ETGDOUA_201007[SIL]Aaq_DE8","ASELLUS_AQUATICUS","2010-07-01","Aaquaticus|ETGDOUA_201006_DE8","","","","","",""
"ETGDOUA","45.779916","4.867144","ASELLUS_AQUATICUS|ETGDOUA_201007","ASELLUS_AQUATICUS","2010-07-01","ASELLUS_AQUATICUS|ETGDOUA_201007[SIL]Aaq_DE9","ASELLUS_AQUATICUS","2010-07-01","Aaquaticus|ETGDOUA_201006_DE9","","","","","",""
"ETGDOUA","45.779916","4.867144","ASELLUS_AQUATICUS|ETGDOUA_201007","ASELLUS_AQUATICUS","2010-07-01","ASELLUS_AQUATICUS|ETGDOUA_201007[SIL]Aaq_TemDE3","ASELLUS_AQUATICUS","2010-07-01","Aaquaticus|ETGDOUA_201006_temDE3","","","","","",""
"ETGDOUA","45.779916","4.867144","ASELLUS_AQUATICUS|ETGDOUA_201111","ASELLUS_AQUATICUS","2011-11-01","ASELLUS_AQUATICUS|ETGDOUA_201111[1]AAD1","ASELLUS_AQUATICUS","2011-11-01","Aaquaticus|ETGDOUA_201111_1ID","Aaquaticus|ETGDOUA_201111_1ID_YAB588|16SarDr","Aaquaticus|ETGDOUA_201111_1ID_YAB588|16SarDr","VALIDEE","2017-09-15","ASELLUS_AQUATICUS","2017-09-15"
"ETGDOUA","45.779916","4.867144","ASELLUS_AQUATICUS|ETGDOUA_201111","ASELLUS_AQUATICUS","2011-11-01","ASELLUS_AQUATICUS|ETGDOUA_201111[1]AAD1","ASELLUS_AQUATICUS","2011-11-01","Aaquaticus|ETGDOUA_201111_1ID","Aaquaticus|ETGDOUA_201111_1ID_YAB589|COIHCO2198","Aaquaticus|ETGDOUA_201111_1ID_YAB589|COIHCO2198","VALIDEE","2017-09-15","ASELLUS_AQUATICUS","2017-09-15"
"ETGDOUA","45.779916","4.867144","ASELLUS_AQUATICUS|ETGDOUA_201111","ASELLUS_AQUATICUS","2011-11-01","ASELLUS_AQUATICUS|ETGDOUA_201111[1]AAD1","ASELLUS_AQUATICUS","2011-11-01","Aaquaticus|ETGDOUA_201111_1ID","Aaquaticus|ETGDOUA_201111_1ID_YAB591|28Slev2","Aaquaticus|ETGDOUA_201111_1ID_YAB591|28Slev2","VALIDEE","2017-09-15","ASELLUS_AQUATICUS","2017-09-15"
"ETGDOUA","45.779916","4.867144","ASELLUS_AQUATICUS|ETGDOUA_201111","ASELLUS_AQUATICUS","2011-11-01","ASELLUS_AQUATICUS|ETGDOUA_201111[B]AAD2","ASELLUS_AQUATICUS","2011-11-01","Aaquaticus|ETGDOUA_201111_2","Aaquaticus|ETGDOUA_201111_2_YAC795|AM4R2","Aaquaticus|ETGDOUA_201111_2_YAC795|AM4R2","VALIDEE","2017-09-15","ASELLUS_AQUATICUS","2017-09-15"
"ETGDOUA","45.779916","4.867144","ASELLUS_AQUATICUS|ETGDOUA_201610","ASELLUS_AQUATICUS","2016-10-01","ASELLUS_AQUATICUS|ETGDOUA_201610[CRYO_M5]arnAAD3","ASELLUS_AQUATICUS","2016-10-01","Aaquaticus|ETGDOUA_201610_3arn","Aaquaticus|ETGDOUA_201610_3arn_YAF242|16SStenaR1","Aaquaticus|ETGDOUA_201610_3arn_YAF242|16SStenaR1","VALIDEE","2017-09-15","ASELLUS_AQUATICUS","2017-09-15"
"ETGDOUA","45.779916","4.867144","ASELLUS_AQUATICUS|ETGDOUA_201610","ASELLUS_AQUATICUS","2016-10-01","ASELLUS_AQUATICUS|ETGDOUA_201610[CRYO_M8]arnAAD4","ASELLUS_AQUATICUS","2016-10-01","Aaquaticus|ETGDOUA_201610_4arn","Aaquaticus|ETGDOUA_201610_4arn_YAF243|16SStenaR1","Aaquaticus|ETGDOUA_201610_4arn_YAF243|16SStenaR1","VALIDEE","2017-09-15","ASELLUS_AQUATICUS","2017-09-15"
"ETGDOUA","45.779916","4.867144","ASELLUS_AQUATICUS|ETGDOUA_201610","ASELLUS_AQUATICUS","2016-10-01","ASELLUS_AQUATICUS|ETGDOUA_201610[CRYO_M7]arnAAD5","ASELLUS_AQUATICUS","2016-10-01","Aaquaticus|ETGDOUA_201610_5arn","Aaquaticus|ETGDOUA_201610_5arn_YAF244|16SStenaR1","Aaquaticus|ETGDOUA_201610_5arn_YAF244|16SStenaR1","VALIDEE","2017-09-15","ASELLUS_AQUATICUS","2017-09-15"
"ETGDOUA","45.779916","4.867144","ASELLUS_AQUATICUS|ETGDOUA_201610","ASELLUS_AQUATICUS","2016-10-01","ASELLUS_AQUATICUS|ETGDOUA_201610[CRYO_F2]arnAAD6","ASELLUS_AQUATICUS","2016-10-01","Aaquaticus|ETGDOUA_201610_6arn","Aaquaticus|ETGDOUA_201610_6arn_YAF245|16SStenaR1","Aaquaticus|ETGDOUA_201610_6arn_YAF245|16SStenaR1","VALIDEE","2017-09-15","ASELLUS_AQUATICUS","2017-09-15"
"ETGDOUA","45.779916","4.867144","ASELLUS_AQUATICUS|ETGDOUA_201610","ASELLUS_AQUATICUS","2016-10-01","ASELLUS_AQUATICUS|ETGDOUA_201610[CRYO_F3]arnAAD7","ASELLUS_AQUATICUS","2016-10-01","Aaquaticus|ETGDOUA_201610_7arn","Aaquaticus|ETGDOUA_201610_7arn_YAF246|16SStenaR1","Aaquaticus|ETGDOUA_201610_7arn_YAF246|16SStenaR1","VALIDEE","2017-09-15","ASELLUS_AQUATICUS","2017-09-15"
"ETGDOUA","45.779916","4.867144","ASELLUS_AQUATICUS|ETGDOUA_201610","ASELLUS_AQUATICUS","2016-10-01","ASELLUS_AQUATICUS|ETGDOUA_201610[CRYO_F4]arnAAD8","ASELLUS_AQUATICUS","2016-10-01","Aaquaticus|ETGDOUA_201610_8arn","Aaquaticus|ETGDOUA_201610_8arn_YAF247|16SStenaR1","Aaquaticus|ETGDOUA_201610_8arn_YAF247|16SStenaR1","VALIDEE","2017-09-15","ASELLUS_AQUATICUS","2017-09-15"
"ETGDOUA","45.779916","4.867144","ASELLUS_AQUATICUS|ETGDOUA_201610","ASELLUS_AQUATICUS","2016-10-01","ASELLUS_AQUATICUS|ETGDOUA_201610[CRYO_M9]arnAAD9","ASELLUS_AQUATICUS","2016-10-01","Aaquaticus|ETGDOUA_201610_9arn","","","","","",""
"ETJOSS","51.932222","5.235555","ASELLUS_AQUATICUS|ETJOSS_200902","ASELLUS_AQUATICUS","2009-03-01","ASELLUS_AQUATICUS|ETJOSS_200902[1","ASELLUS_AQUATICUS","2009-03-01","","","","","","",""
"FBORMIDA","44.325545","8.200062","ASELLUS_AQUATICUS|FBORMIDA_201408","ASELLUS_AQUATICUS","2015-08-01","ASELLUS_AQUATICUS|FBORMIDA_201408[A1]AAFb1","ASELLUS_AQUATICUS","2015-08-01","Aaquaticus|FBORMIDA_201408_1ID","Aaquaticus|FBORMIDA_201408_1ID_YAD910|16SStenaR1","Aaquaticus|FBORMIDA_201408_1ID_YAD910|16SStenaR1","VALIDEE","2017-09-15","ASELLUS_AQUATICUS","2017-09-15"
"FBORMIDA","44.325545","8.200062","ASELLUS_AQUATICUS|FBORMIDA_201408","ASELLUS_AQUATICUS","2015-08-01","ASELLUS_AQUATICUS|FBORMIDA_201408[A1]AAFb1","ASELLUS_AQUATICUS","2015-08-01","Aaquaticus|FBORMIDA_201408_1ID","Aaquaticus|FBORMIDA_201408_1ID_YAF013|COILKF1_YAF021_COILKR1","Aaquaticus|FBORMIDA_201408_1ID_YAF013|COILKF1_YAF021_COILKR1","VALIDEE","2017-09-15","ASELLUS_AQUATICUS","2017-09-15"
"FONTTOSI","45.561586","8.555128","ASELLUS_AQUATICUS|FONTTOSI_201504","ASELLUS_AQUATICUS","2015-04-01","ASELLUS_AQUATICUS|FONTTOSI_201504[A1]AAF1","ASELLUS_AQUATICUS","2015-07-07","Aaquaticus|FONTTOSI_201504_1ID","Aaquaticus|FONTTOSI_201504_1ID_YAD855|16SStenaR1","Aaquaticus|FONTTOSI_201504_1ID_YAD855|16SStenaR1","VALIDEE","2017-09-15","ASELLUS_AQUATICUS","2017-09-15"
"FONTTOSI","45.561586","8.555128","ASELLUS_AQUATICUS|FONTTOSI_201504","ASELLUS_AQUATICUS","2015-04-01","ASELLUS_AQUATICUS|FONTTOSI_201504[A1]AAF1","ASELLUS_AQUATICUS","2015-07-07","Aaquaticus|FONTTOSI_201504_1ID","Aaquaticus|FONTTOSI_201504_1ID_YAE408|COIHCO2198","Aaquaticus|FONTTOSI_201504_1ID_YAE408|COIHCO2198","VALIDEE","2017-09-15","ASELLUS_AQUATICUS","2017-09-15"
"FONTTOSI","45.561586","8.555128","ASELLUS_AQUATICUS|FONTTOSI_201504","ASELLUS_AQUATICUS","2015-04-01","ASELLUS_AQUATICUS|FONTTOSI_201504[A2]AAF2","ASELLUS_AQUATICUS","2015-07-07","Aaquaticus|FONTTOSI_201504_2","Aaquaticus|FONTTOSI_201504_2_YAD856|16SStenaR1","Aaquaticus|FONTTOSI_201504_2_YAD856|16SStenaR1","VALIDEE","2017-09-15","ASELLUS_AQUATICUS","2017-09-15"
"FONTTOSI","45.561586","8.555128","ASELLUS_AQUATICUS|FONTTOSI_201504","ASELLUS_AQUATICUS","2015-04-01","ASELLUS_AQUATICUS|FONTTOSI_201504[A3]AAF3","ASELLUS_AQUATICUS","2015-07-07","Aaquaticus|FONTTOSI_201504_3","Aaquaticus|FONTTOSI_201504_3_YAD859|16SStenaF1","Aaquaticus|FONTTOSI_201504_3_YAD859|16SStenaF1","VALIDEE","2017-09-15","ASELLUS_AQUATICUS","2017-09-15"
"FONTTOSI","45.561586","8.555128","ASELLUS_AQUATICUS|FONTTOSI_201504","ASELLUS_AQUATICUS","2015-04-01","ASELLUS_AQUATICUS|FONTTOSI_201504[A3]AAF3","ASELLUS_AQUATICUS","2015-07-07","Aaquaticus|FONTTOSI_201504_3","Aaquaticus|FONTTOSI_201504_3_YAE425|COILCO1490","Aaquaticus|FONTTOSI_201504_3_YAE425|COILCO1490","VALIDEE","2017-09-15","ASELLUS_AQUATICUS","2017-09-15"
"GDEMAISO","47.37278","0.613889","ASELLUS_AQUATICUS|GDEMAISO_200812","ASELLUS_AQUATICUS","2009-01-01","","","","","","","","","",""
"GUYE","46.76083","4.645833","ASELLUS_AQUATICUS|GUYE_200911","ASELLUS_AQUATICUS","2009-12-16","","","","","","","","","",""
"HCOLLIAS","43.95424","4.4831","ASELLUS_SP|HCOLLIAS_201605","ASELLUS_SP","2016-07-01","ASELLUS_SP|HCOLLIAS_201605[J1]AspH1","ASELLUS_SP","2016-07-01","Asp|HCOLLIAS_201605_1","Aaquaticus|HCOLLIAS_201605_1ex_YAE944|16SStenaR1_exAsp","Aaquaticus|HCOLLIAS_201605_1ex_YAE944|16SStenaR1_exAsp","VALIDEE","2017-09-15","ASELLUS_AQUATICUS","2017-09-15"
"HCOLLIAS","43.95424","4.4831","ASELLUS_SP|HCOLLIAS_201605","ASELLUS_SP","2016-07-01","ASELLUS_SP|HCOLLIAS_201605[J1]AspH1","ASELLUS_SP","2016-07-01","Asp|HCOLLIAS_201605_1","Aaquaticus|HCOLLIAS_201605_1ex_YAF014|COILKF1_YAF022_COILKR1_exAsp","Aaquaticus|HCOLLIAS_201605_1ex_YAF014|COILKF1_YAF022_COILKR1_exAsp","VALIDEE","2017-09-15","ASELLUS_AQUATICUS","2017-09-15"
"HOJEA","55.704","13.39","ASELLUS_AQUATICUS|HOJEA_200409","ASELLUS_AQUATICUS","2010-01-01","ASELLUS_AQUATICUS|HOJEA_200409[1]PCoH1","ASELLUS_AQUATICUS","2009-07-17","Pcoxalis|HOJEA_200409_1ID","Aaquaticus|HOJEA_200409_1IDex_YCD305|16SStenaR1_YCD307_16SProaF1_exPcoxalis","Aaquaticus|HOJEA_200409_1IDex_YCD305|16SStenaR1_YCD307_16SProaF1_exPcoxalis","VALIDEE","2017-09-15","ASELLUS_AQUATICUS","2017-09-15"
"ILERHIN1","48.2523","7.67539","ASELLUS_AQUATICUS|ILERHIN1_201409","ASELLUS_AQUATICUS","2014-09-01","","","","","","","","","",""
"ILESNOU2","45.81704","5.090494","ASELLUS_AQUATICUS|ILESNOU2_201308","ASELLUS_AQUATICUS","2013-08-01","ASELLUS_AQUATICUS|ILESNOU2_201308[INCONNU]AAI1","ASELLUS_AQUATICUS","2013-08-01","Aaquaticus|ILESNOU2_201308_1","","","","","",""
"ILESNOUV","45.81583","5.100556","ASELLUS_AQUATICUS|ILESNOUV_200804","ASELLUS_AQUATICUS","2008-04-01","ASELLUS_AQUATICUS|ILESNOUV_200804[1","ASELLUS_AQUATICUS","2008-04-23","","","","","","",""
"IUTAVILL","45.787062","4.882772","ASELLUS_AQUATICUS|IUTAVILL_201509","ASELLUS_AQUATICUS","2015-11-01","","","","","","","","","",""
"KAMENEC","48.36806","21.82528","ASELLUS_AQUATICUS|KAMENEC_201105","ASELLUS_AQUATICUS","2011-06-01","ASELLUS_AQUATICUS|KAMENEC_201105[A1]AAKa1","ASELLUS_AQUATICUS","2011-06-01","Aaquaticus|KAMENEC_201105_1","Aaquaticus|KAMENEC_201105_1_YAF015|COILKF1_YAF023_COILKR1","Aaquaticus|KAMENEC_201105_1_YAF015|COILKF1_YAF023_COILKR1","VALIDEE","2017-09-15","ASELLUS_AQUATICUS","2017-09-15"
"KAMENEC","48.36806","21.82528","ASELLUS_AQUATICUS|KAMENEC_201105","ASELLUS_AQUATICUS","2011-06-01","ASELLUS_AQUATICUS|KAMENEC_201105[A1]AAKa1","ASELLUS_AQUATICUS","2011-06-01","Aaquaticus|KAMENEC_201105_1","Aaquaticus|KAMENEC_201105_1_YAF569|16SStenaF1","Aaquaticus|KAMENEC_201105_1_YAF569|16SStenaF1","VALIDEE","2017-09-15","ASELLUS_AQUATICUS","2017-09-15"
"KATOVRYS","35.191389","25.221944","ASELLUS_AQUATICUS|KATOVRYS_201610","ASELLUS_AQUATICUS","2016-12-01","ASELLUS_AQUATICUS|KATOVRYS_201610[A1]AAKt1","ASELLUS_AQUATICUS","2016-12-01","Aaquaticus|KATOVRYS_201610_1ID","Aaquaticus|KATOVRYS_201610_1ID_YAF411|16SStenaR1","Aaquaticus|KATOVRYS_201610_1ID_YAF411|16SStenaR1","VALIDEE","2017-09-15","ASELLUS_AQUATICUS","2017-09-15"
"KATOVRYS","35.191389","25.221944","ASELLUS_AQUATICUS|KATOVRYS_201610","ASELLUS_AQUATICUS","2016-12-01","ASELLUS_AQUATICUS|KATOVRYS_201610[A1]AAKt1","ASELLUS_AQUATICUS","2016-12-01","Aaquaticus|KATOVRYS_201610_1ID","Aaquaticus|KATOVRYS_201610_1ID_YAF618|COILKR1_YAF692_COIProaF1","Aaquaticus|KATOVRYS_201610_1ID_YAF618|COILKR1_YAF692_COIProaF1","VALIDEE","2017-09-15","ASELLUS_AQUATICUS","2017-09-15"
"KILLARNE","52.057899","-9.511618","ASELLUS_AQUATICUS|KILLARNE_201204","ASELLUS_AQUATICUS","2015-03-01","ASELLUS_AQUATICUS|KILLARNE_201204[A1]AAKi1","ASELLUS_AQUATICUS","2015-03-01","Aaquaticus|KILLARNE_201204_1","Aaquaticus|KILLARNE_201204_1_YAE219|16SStenaF1_YAE456_16SStenaR1","Aaquaticus|KILLARNE_201204_1_YAE219|16SStenaF1_YAE456_16SStenaR1","VALIDEE","2017-09-15","ASELLUS_AQUATICUS","2017-09-15"
"KILLARNE","52.057899","-9.511618","ASELLUS_AQUATICUS|KILLARNE_201204","ASELLUS_AQUATICUS","2015-03-01","ASELLUS_AQUATICUS|KILLARNE_201204[A1]AAKi1","ASELLUS_AQUATICUS","2015-03-01","Aaquaticus|KILLARNE_201204_1","Aaquaticus|KILLARNE_201204_1_YAF016|COILKF1_YAF024_COILKR1","Aaquaticus|KILLARNE_201204_1_YAF016|COILKF1_YAF024_COILKR1","VALIDEE","2017-09-15","ASELLUS_AQUATICUS","2017-09-15"
"KRCAVA","48.35639","21.83444","ASELLUS_AQUATICUS|KRCAVA_201105","ASELLUS_AQUATICUS","2011-06-01","ASELLUS_AQUATICUS|KRCAVA_201105[A1]AAKr1","ASELLUS_AQUATICUS","2011-06-01","Aaquaticus|KRCAVA_201105_1","Aaquaticus|KRCAVA_201105_1_YAF017|COILKF1_YAF025_COILKR1","Aaquaticus|KRCAVA_201105_1_YAF017|COILKF1_YAF025_COILKR1","VALIDEE","2017-09-15","ASELLUS_AQUATICUS","2017-09-15"
"KRCAVA","48.35639","21.83444","ASELLUS_AQUATICUS|KRCAVA_201105","ASELLUS_AQUATICUS","2011-06-01","ASELLUS_AQUATICUS|KRCAVA_201105[A1]AAKr1","ASELLUS_AQUATICUS","2011-06-01","Aaquaticus|KRCAVA_201105_1","Aaquaticus|KRCAVA_201105_1_YAF570|16SStenaF1","Aaquaticus|KRCAVA_201105_1_YAF570|16SStenaF1","VALIDEE","2017-09-15","ASELLUS_AQUATICUS","2017-09-15"
"LAVOIR2","47.56333","5.126111","ASELLUS_AQUATICUS|LAVOIR2_200804","ASELLUS_AQUATICUS","2008-04-01","ASELLUS_AQUATICUS|LAVOIR2_200804[INCONNU]AACr1","ASELLUS_AQUATICUS","2008-04-01","Aaquaticus|LAVOIR2_200804_1","","","","","",""
"LAVOIR2","47.56333","5.126111","ASELLUS_AQUATICUS|LAVOIR2_200804","ASELLUS_AQUATICUS","2008-04-01","ASELLUS_AQUATICUS|LAVOIR2_200804[INCONNU]AACr2","ASELLUS_AQUATICUS","2008-04-01","Aaquaticus|LAVOIR2_200804_2","","","","","",""
"LAVOIR2","47.56333","5.126111","ASELLUS_AQUATICUS|LAVOIR2_200804","ASELLUS_AQUATICUS","2008-04-01","ASELLUS_AQUATICUS|LAVOIR2_200804[INCONNU]AACr3","ASELLUS_AQUATICUS","2008-04-01","Aaquaticus|LAVOIR2_200804_3","","","","","",""
"LAYZERON","45.709814","4.57898","ASELLUS_AQUATICUS|LAYZERON_201508","ASELLUS_AQUATICUS","2015-08-01","ASELLUS_AQUATICUS|LAYZERON_201508[A1","ASELLUS_AQUATICUS","2015-10-29","","","","","","",""
"LINGE8","46.75806","1.089444","ASELLUS_AQUATICUS|LINGE8_200808","ASELLUS_AQUATICUS","2008-08-01","","","","","","","","","",""
"MALECNI1","46.55428","15.69496","ASELLUS_AQUATICUS|MALECNI1_201009","ASELLUS_AQUATICUS","2010-11-01","","","","","","","","","",""
"MALENIC2","42.63259","19.01171","ASELLUS_AQUATICUS|MALENIC2_201107","ASELLUS_AQUATICUS","2011-09-01","","","","","","","","","",""
"MILOVICA","42.62403","19.01924","ASELLUS_AQUATICUS|MILOVICA_201107","ASELLUS_AQUATICUS","2011-09-01","","","","","","","","","",""
"MOULINCH","44.76194","-0.634722","ASELLUS_AQUATICUS|MOULINCH_200905","ASELLUS_AQUATICUS","2009-06-01","ASELLUS_AQUATICUS|MOULINCH_200905[1","ASELLUS_AQUATICUS","2009-07-22","","","","","","",""
"MOULINCH","44.76194","-0.634722","ASELLUS_AQUATICUS|MOULINCH_200905","ASELLUS_AQUATICUS","2009-06-01","ASELLUS_AQUATICUS|MOULINCH_200905[2","ASELLUS_AQUATICUS","2009-07-22","","","","","","",""
"NEUHAUS","46.68555","7.80775","ASELLUS_AQUATICUS|NEUHAUS_201009","ASELLUS_AQUATICUS","2010-11-01","","","","","","","","","",""
"ORLOVAC","43.67218","16.77431","ASELLUS_AQUATICUS|ORLOVAC_199906","ASELLUS_AQUATICUS","2011-01-01","ASELLUS_AQUATICUS|ORLOVAC_199906[A]AAO1","ASELLUS_AQUATICUS","2011-01-01","Aaquaticus|ORLOVAC_199906_1ID","","","","","",""
"OSP1","45.57251","13.85864","ASELLUS_AQUATICUS|OSP1_201009","ASELLUS_AQUATICUS","2010-11-01","","","","","","","","","",""
"PIVKACAV","45.819984","14.245817","ASELLUS_AQUATICUS|PIVKACAV_201504","ASELLUS_AQUATICUS","2015-07-01","ASELLUS_AQUATICUS|PIVKACAV_201504[CRYO]arnAAPk1","ASELLUS_AQUATICUS","2015-07-01","Aaquaticus|PIVKACAV_201504_1arn","Aaquaticus|PIVKACAV_201504_1arn_YAD712|16SStenaR1","Aaquaticus|PIVKACAV_201504_1arn_YAD712|16SStenaR1","VALIDEE","2017-09-15","ASELLUS_AQUATICUS","2017-09-15"
"PIVKACAV","45.819984","14.245817","ASELLUS_AQUATICUS|PIVKACAV_201504","ASELLUS_AQUATICUS","2015-07-01","ASELLUS_AQUATICUS|PIVKACAV_201504[CRYO]arnAAPk2","ASELLUS_AQUATICUS","2015-07-01","Aaquaticus|PIVKACAV_201504_2arn","Aaquaticus|PIVKACAV_201504_2arn_YAD713|16SStenaR1","Aaquaticus|PIVKACAV_201504_2arn_YAD713|16SStenaR1","VALIDEE","2017-09-15","ASELLUS_AQUATICUS","2017-09-15"
"PIVKACAV","45.819984","14.245817","ASELLUS_AQUATICUS|PIVKACAV_201504","ASELLUS_AQUATICUS","2015-07-01","ASELLUS_AQUATICUS|PIVKACAV_201504[CRYO]arnAAPk3","ASELLUS_AQUATICUS","2015-07-01","Aaquaticus|PIVKACAV_201504_3arn","Aaquaticus|PIVKACAV_201504_3arn_YAD714|16SStenaR1","Aaquaticus|PIVKACAV_201504_3arn_YAD714|16SStenaR1","VALIDEE","2017-09-15","ASELLUS_AQUATICUS","2017-09-15"
"PIVKACAV","45.819984","14.245817","ASELLUS_AQUATICUS|PIVKACAV_201504","ASELLUS_AQUATICUS","2015-07-01","ASELLUS_AQUATICUS|PIVKACAV_201504[CRYO]arnAAPk4","ASELLUS_AQUATICUS","2015-07-01","Aaquaticus|PIVKACAV_201504_4arn","Aaquaticus|PIVKACAV_201504_4arn_YAD715|16SStenaR1","Aaquaticus|PIVKACAV_201504_4arn_YAD715|16SStenaR1","VALIDEE","2017-09-15","ASELLUS_AQUATICUS","2017-09-15"
"PIVKACAV","45.819984","14.245817","ASELLUS_AQUATICUS|PIVKACAV_201504","ASELLUS_AQUATICUS","2015-07-01","ASELLUS_AQUATICUS|PIVKACAV_201504[CRYO]arnAAPk5","ASELLUS_AQUATICUS","2015-07-01","Aaquaticus|PIVKACAV_201504_5arn","Aaquaticus|PIVKACAV_201504_5arn_YAD716|16SStenaR1","Aaquaticus|PIVKACAV_201504_5arn_YAD716|16SStenaR1","VALIDEE","2017-09-15","ASELLUS_AQUATICUS","2017-09-15"
"PIVKACAV","45.819984","14.245817","ASELLUS_AQUATICUS|PIVKACAV_201504","ASELLUS_AQUATICUS","2015-07-01","ASELLUS_AQUATICUS|PIVKACAV_201504[A1]AAPk6","ASELLUS_AQUATICUS","2015-07-01","Aaquaticus|PIVKACAV_201504_6ID","Aaquaticus|PIVKACAV_201504_6ID_YAD831|16SStenaR1","Aaquaticus|PIVKACAV_201504_6ID_YAD831|16SStenaR1","VALIDEE","2017-09-15","ASELLUS_AQUATICUS","2017-09-15"
"PIVKACAV","45.819984","14.245817","ASELLUS_AQUATICUS|PIVKACAV_201504","ASELLUS_AQUATICUS","2015-07-01","ASELLUS_AQUATICUS|PIVKACAV_201504[A1]AAPk6","ASELLUS_AQUATICUS","2015-07-01","Aaquaticus|PIVKACAV_201504_6ID","Aaquaticus|PIVKACAV_201504_6ID_YAD965|COILCO1490","Aaquaticus|PIVKACAV_201504_6ID_YAD965|COILCO1490","VALIDEE","2017-09-15","ASELLUS_AQUATICUS","2017-09-15"
"PIVKACAV","45.819984","14.245817","ASELLUS_AQUATICUS|PIVKACAV_201504","ASELLUS_AQUATICUS","2015-07-01","ASELLUS_AQUATICUS|PIVKACAV_201504[A2]AAPk7","ASELLUS_AQUATICUS","2015-07-01","Aaquaticus|PIVKACAV_201504_7ID","Aaquaticus|PIVKACAV_201504_7ID_YAD832|16SStenaR1","Aaquaticus|PIVKACAV_201504_7ID_YAD832|16SStenaR1","VALIDEE","2017-09-15","ASELLUS_AQUATICUS","2017-09-15"
"PIVKACAV","45.819984","14.245817","ASELLUS_AQUATICUS|PIVKACAV_201504","ASELLUS_AQUATICUS","2015-07-01","ASELLUS_AQUATICUS|PIVKACAV_201504[A3]AAPk8","ASELLUS_AQUATICUS","2015-07-01","Aaquaticus|PIVKACAV_201504_8","Aaquaticus|PIVKACAV_201504_8_YAD849|16SStenaF1","Aaquaticus|PIVKACAV_201504_8_YAD849|16SStenaF1","VALIDEE","2017-09-15","ASELLUS_AQUATICUS","2017-09-15"
"PIVKACAV","45.819984","14.245817","ASELLUS_AQUATICUS|PIVKACAV_201504","ASELLUS_AQUATICUS","2015-07-01","ASELLUS_AQUATICUS|PIVKACAV_201504[A3]AAPk8","ASELLUS_AQUATICUS","2015-07-01","Aaquaticus|PIVKACAV_201504_8","Aaquaticus|PIVKACAV_201504_8_YAE392|COIHCO2198","Aaquaticus|PIVKACAV_201504_8_YAE392|COIHCO2198","VALIDEE","2017-09-15","ASELLUS_AQUATICUS","2017-09-15"
"PLACERO","46.38896","16.0368","ASELLUS_AQUATICUS|PLACERO_201009","ASELLUS_AQUATICUS","2010-11-01","","","","","","","","","",""
"PLANINA","45.86805","14.24295","ASELLUS_AQUATICUS|PLANINA_201504","ASELLUS_AQUATICUS","2015-04-01","ASELLUS_AQUATICUS|PLANINA_201504[CRYO]arnAAPl1","ASELLUS_AQUATICUS","2015-07-03","Aaquaticus|PLANINA_201504_1arn","Aaquaticus|PLANINA_201504_1arn_YAD643|16SStenaR1","Aaquaticus|PLANINA_201504_1arn_YAD643|16SStenaR1","VALIDEE","2017-09-15","ASELLUS_AQUATICUS","2017-09-15"
"PLANINA","45.86805","14.24295","ASELLUS_AQUATICUS|PLANINA_201504","ASELLUS_AQUATICUS","2015-04-01","ASELLUS_AQUATICUS|PLANINA_201504[CRYO]arnAAPl2","ASELLUS_AQUATICUS","2015-07-03","Aaquaticus|PLANINA_201504_2arn","Aaquaticus|PLANINA_201504_2arn_YAD644|16SStenaR1","Aaquaticus|PLANINA_201504_2arn_YAD644|16SStenaR1","VALIDEE","2017-09-15","ASELLUS_AQUATICUS","2017-09-15"
"PLANINA","45.86805","14.24295","ASELLUS_AQUATICUS|PLANINA_201504","ASELLUS_AQUATICUS","2015-04-01","ASELLUS_AQUATICUS|PLANINA_201504[CRYO]arnAAPl3","ASELLUS_AQUATICUS","2015-07-03","Aaquaticus|PLANINA_201504_3arn","Aaquaticus|PLANINA_201504_3arn_TRINITYDN50490c1g2i1|Transcript_AAPlasb3nov2015","Aaquaticus|PLANINA_201504_3arn_TRINITYDN50490c1g2i1|Transcript_AAPlasb3nov2015","VALIDEE","2017-09-15","ASELLUS_AQUATICUS","2017-09-15"
"PLANINA","45.86805","14.24295","ASELLUS_AQUATICUS|PLANINA_201504","ASELLUS_AQUATICUS","2015-04-01","ASELLUS_AQUATICUS|PLANINA_201504[CRYO]arnAAPl3","ASELLUS_AQUATICUS","2015-07-03","Aaquaticus|PLANINA_201504_3arn","Aaquaticus|PLANINA_201504_3arn_YAD645|16SStenaR1","Aaquaticus|PLANINA_201504_3arn_YAD645|16SStenaR1","VALIDEE","2017-09-15","ASELLUS_AQUATICUS","2017-09-15"
"PLANINA","45.86805","14.24295","ASELLUS_AQUATICUS|PLANINA_201504","ASELLUS_AQUATICUS","2015-04-01","ASELLUS_AQUATICUS|PLANINA_201504[CRYO]arnAAPl4","ASELLUS_AQUATICUS","2015-07-03","Aaquaticus|PLANINA_201504_4arn","Aaquaticus|PLANINA_201504_4arn_YAD646|16SStenaR1","Aaquaticus|PLANINA_201504_4arn_YAD646|16SStenaR1","VALIDEE","2017-09-15","ASELLUS_AQUATICUS","2017-09-15"
"PLANINA","45.86805","14.24295","ASELLUS_AQUATICUS|PLANINA_201504","ASELLUS_AQUATICUS","2015-04-01","ASELLUS_AQUATICUS|PLANINA_201504[CRYO]arnAAPl5","ASELLUS_AQUATICUS","2015-07-03","Aaquaticus|PLANINA_201504_5arn","Aaquaticus|PLANINA_201504_5arn_YAD647|16SStenaR1","Aaquaticus|PLANINA_201504_5arn_YAD647|16SStenaR1","VALIDEE","2017-09-15","ASELLUS_AQUATICUS","2017-09-15"
"PLANINA","45.86805","14.24295","ASELLUS_AQUATICUS|PLANINA_201504","ASELLUS_AQUATICUS","2015-04-01","ASELLUS_AQUATICUS|PLANINA_201504[A1]AAPl6","ASELLUS_AQUATICUS","2015-07-03","Aaquaticus|PLANINA_201504_6ID","Aaquaticus|PLANINA_201504_6ID_YAD842|16SStenaF1","Aaquaticus|PLANINA_201504_6ID_YAD842|16SStenaF1","VALIDEE","2017-09-15","ASELLUS_AQUATICUS","2017-09-15"
"PLANINA","45.86805","14.24295","ASELLUS_AQUATICUS|PLANINA_201504","ASELLUS_AQUATICUS","2015-04-01","ASELLUS_AQUATICUS|PLANINA_201504[A1]AAPl6","ASELLUS_AQUATICUS","2015-07-03","Aaquaticus|PLANINA_201504_6ID","Aaquaticus|PLANINA_201504_6ID_YAD964|COIHCO2198","Aaquaticus|PLANINA_201504_6ID_YAD964|COIHCO2198","VALIDEE","2017-09-15","ASELLUS_AQUATICUS","2017-09-15"
"PLANINA","45.86805","14.24295","ASELLUS_AQUATICUS|PLANINA_201504","ASELLUS_AQUATICUS","2015-04-01","ASELLUS_AQUATICUS|PLANINA_201504[A1]AAPl6","ASELLUS_AQUATICUS","2015-07-03","Aaquaticus|PLANINA_201504_6ID","Aaquaticus|PLANINA_201504_6ID_YAE196|AM4F2Aaq","Aaquaticus|PLANINA_201504_6ID_YAE196|AM4F2Aaq","VALIDEE","2017-09-15","ASELLUS_AQUATICUS","2017-09-15"
"PLANINA","45.86805","14.24295","ASELLUS_AQUATICUS|PLANINA_201504","ASELLUS_AQUATICUS","2015-04-01","ASELLUS_AQUATICUS|PLANINA_201504[A2]AAPl7","ASELLUS_AQUATICUS","2015-07-03","Aaquaticus|PLANINA_201504_7","Aaquaticus|PLANINA_201504_7_YAD837|16SStenaR1","Aaquaticus|PLANINA_201504_7_YAD837|16SStenaR1","VALIDEE","2017-09-15","ASELLUS_AQUATICUS","2017-09-15"
"PLANINA","45.86805","14.24295","ASELLUS_AQUATICUS|PLANINA_201504","ASELLUS_AQUATICUS","2015-04-01","ASELLUS_AQUATICUS|PLANINA_201504[A2]AAPl7","ASELLUS_AQUATICUS","2015-07-03","Aaquaticus|PLANINA_201504_7","Aaquaticus|PLANINA_201504_7_YAE426|COILCO1490","Aaquaticus|PLANINA_201504_7_YAE426|COILCO1490","VALIDEE","2017-09-15","ASELLUS_AQUATICUS","2017-09-15"
"PLANINA","45.86805","14.24295","ASELLUS_AQUATICUS|PLANINA_201504","ASELLUS_AQUATICUS","2015-04-01","ASELLUS_AQUATICUS|PLANINA_201504[A3]AAPl8","ASELLUS_AQUATICUS","2015-07-03","Aaquaticus|PLANINA_201504_8","Aaquaticus|PLANINA_201504_8_YAD838|16SStenaR1","Aaquaticus|PLANINA_201504_8_YAD838|16SStenaR1","VALIDEE","2017-09-15","ASELLUS_AQUATICUS","2017-09-15"
"PRATIRO","45.834457","9.017671","ASELLUS_AQUATICUS|PRATIRO_201408","ASELLUS_AQUATICUS","2015-01-01","ASELLUS_AQUATICUS|PRATIRO_201408[A1]AAP1","ASELLUS_AQUATICUS","2015-01-01","Aaquaticus|PRATIRO_201408_1ID","Aaquaticus|PRATIRO_201408_1ID_YAD043|COILCO1490","Aaquaticus|PRATIRO_201408_1ID_YAD043|COILCO1490","VALIDEE","2017-09-15","ASELLUS_AQUATICUS","2017-09-15"
"PRATIRO","45.834457","9.017671","ASELLUS_AQUATICUS|PRATIRO_201408","ASELLUS_AQUATICUS","2015-01-01","ASELLUS_AQUATICUS|PRATIRO_201408[A1]AAP1","ASELLUS_AQUATICUS","2015-01-01","Aaquaticus|PRATIRO_201408_1ID","Aaquaticus|PRATIRO_201408_1ID_YAD593|28Slev2","Aaquaticus|PRATIRO_201408_1ID_YAD593|28Slev2","VALIDEE","2017-09-15","ASELLUS_AQUATICUS","2017-09-15"
"PRATIRO","45.834457","9.017671","ASELLUS_AQUATICUS|PRATIRO_201408","ASELLUS_AQUATICUS","2015-01-01","ASELLUS_AQUATICUS|PRATIRO_201408[A1]AAP1","ASELLUS_AQUATICUS","2015-01-01","Aaquaticus|PRATIRO_201408_1ID","Aaquaticus|PRATIRO_201408_1ID_YCM979|16SProaF1","Aaquaticus|PRATIRO_201408_1ID_YCM979|16SProaF1","VALIDEE","2017-09-15","ASELLUS_AQUATICUS","2017-09-15"
"PRATIRO","45.834457","9.017671","ASELLUS_AQUATICUS|PRATIRO_201408","ASELLUS_AQUATICUS","2015-01-01","ASELLUS_AQUATICUS|PRATIRO_201408[B1]AAP2","ASELLUS_AQUATICUS","2015-01-01","Aaquaticus|PRATIRO_201408_2","Aaquaticus|PRATIRO_201408_2_YAD044|COIE2198E","Aaquaticus|PRATIRO_201408_2_YAD044|COIE2198E","VALIDEE","2017-09-15","ASELLUS_AQUATICUS","2017-09-15"
"PRATIRO","45.834457","9.017671","ASELLUS_AQUATICUS|PRATIRO_201408","ASELLUS_AQUATICUS","2015-01-01","ASELLUS_AQUATICUS|PRATIRO_201408[B1]AAP2","ASELLUS_AQUATICUS","2015-01-01","Aaquaticus|PRATIRO_201408_2","Aaquaticus|PRATIRO_201408_2_YAD556|28SStenaR1","Aaquaticus|PRATIRO_201408_2_YAD556|28SStenaR1","VALIDEE","2017-09-15","ASELLUS_AQUATICUS","2017-09-15"
"PRATIRO","45.834457","9.017671","ASELLUS_AQUATICUS|PRATIRO_201408","ASELLUS_AQUATICUS","2015-01-01","ASELLUS_AQUATICUS|PRATIRO_201408[B1]AAP2","ASELLUS_AQUATICUS","2015-01-01","Aaquaticus|PRATIRO_201408_2","Aaquaticus|PRATIRO_201408_2_YAE570|AM4R1Aaq","Aaquaticus|PRATIRO_201408_2_YAE570|AM4R1Aaq","VALIDEE","2017-09-15","ASELLUS_AQUATICUS","2017-09-15"
"PRATIRO","45.834457","9.017671","ASELLUS_AQUATICUS|PRATIRO_201408","ASELLUS_AQUATICUS","2015-01-01","ASELLUS_AQUATICUS|PRATIRO_201408[B1]AAP2","ASELLUS_AQUATICUS","2015-01-01","Aaquaticus|PRATIRO_201408_2","Aaquaticus|PRATIRO_201408_2_YCM976|16SStenaR1","Aaquaticus|PRATIRO_201408_2_YCM976|16SStenaR1","VALIDEE","2017-09-15","ASELLUS_AQUATICUS","2017-09-15"
"PRATIRO","45.834457","9.017671","ASELLUS_AQUATICUS|PRATIRO_201408","ASELLUS_AQUATICUS","2015-01-01","ASELLUS_AQUATICUS|PRATIRO_201408[B2]AAP3","ASELLUS_AQUATICUS","2015-01-01","Aaquaticus|PRATIRO_201408_3","Aaquaticus|PRATIRO_201408_3_YAD523|COIE2198E","Aaquaticus|PRATIRO_201408_3_YAD523|COIE2198E","VALIDEE","2017-09-15","ASELLUS_AQUATICUS","2017-09-15"
"PRATIRO","45.834457","9.017671","ASELLUS_AQUATICUS|PRATIRO_201408","ASELLUS_AQUATICUS","2015-01-01","ASELLUS_AQUATICUS|PRATIRO_201408[B2]AAP3","ASELLUS_AQUATICUS","2015-01-01","Aaquaticus|PRATIRO_201408_3","Aaquaticus|PRATIRO_201408_3_YCM977|16SStenaR1","Aaquaticus|PRATIRO_201408_3_YCM977|16SStenaR1","VALIDEE","2017-09-15","ASELLUS_AQUATICUS","2017-09-15"
"ROLFSBUT","52.39314","10.42339","ASELLUS_AQUATICUS|ROLFSBUT_201002","ASELLUS_AQUATICUS","2010-04-01","","","","","","","","","",""
"ROSSJOHO","56.277","12.873","ASELLUS_AQUATICUS|ROSSJOHO_200809","ASELLUS_AQUATICUS","2010-01-01","ASELLUS_AQUATICUS|ROSSJOHO_200809[1]PCoRJ1","ASELLUS_AQUATICUS","2009-07-17","Pcoxalis|ROSSJOHO_200809_1ID","Aaquaticus|ROSSJOHO_200809_1IDex_YCD219|16SStenaR1_exPcoxalis","Aaquaticus|ROSSJOHO_200809_1IDex_YCD219|16SStenaR1_exPcoxalis","VALIDEE","2017-09-15","ASELLUS_AQUATICUS","2017-09-15"
"ROSSJOHO","56.277","12.873","ASELLUS_AQUATICUS|ROSSJOHO_200809","ASELLUS_AQUATICUS","2010-01-01","ASELLUS_AQUATICUS|ROSSJOHO_200809[2","ASELLUS_AQUATICUS","2009-07-17","","","","","","",""
"ROUBSAUZ","44.59126","4.81945","ASELLUS_AQUATICUS|ROUBSAUZ_201006","ASELLUS_AQUATICUS","2010-07-01","","","","","","","","","",""
"ROUBSAUZ","44.59126","4.81945","ASELLUS_AQUATICUS|ROUBSAUZ_201205","ASELLUS_AQUATICUS","2015-03-01","","","","","","","","","",""
"ROUMONTE","44.551923","4.747669","ASELLUS_AQUATICUS|ROUMONTE_201205","ASELLUS_AQUATICUS","2015-03-01","","","","","","","","","",""
"SAYES","45.61278","5.230833","ASELLUS_AQUATICUS|SAYES_200905","ASELLUS_AQUATICUS","2009-06-01","ASELLUS_AQUATICUS|SAYES_200905[1","ASELLUS_AQUATICUS","2009-07-22","","","","","","",""
"SAYES","45.61278","5.230833","ASELLUS_AQUATICUS|SAYES_200905","ASELLUS_AQUATICUS","2009-06-01","ASELLUS_AQUATICUS|SAYES_200905[2","ASELLUS_AQUATICUS","2009-07-22","","","","","","",""
"SORGUE","43.914632","5.057181","ASELLUS_AQUATICUS|SORGUE_200806","ASELLUS_AQUATICUS","2010-12-01","","","","","","","","","",""
"SOUGEAL","48.511434","-1.506315","ASELLUS_AQUATICUS|SOUGEAL_000000","ASELLUS_AQUATICUS","2008-07-01","ASELLUS_AQUATICUS|SOUGEAL_000000[INCONNU]AAS2_Seb","ASELLUS_AQUATICUS","2008-07-01","Aaquaticus|SOUGEAL_000000_2","","","","","",""
"SOUGEAL","48.511434","-1.506315","ASELLUS_AQUATICUS|SOUGEAL_000000","ASELLUS_AQUATICUS","2008-07-01","ASELLUS_AQUATICUS|SOUGEAL_000000[1","ASELLUS_AQUATICUS","2008-07-01","","","","","","",""
"SOUGEAL","48.511434","-1.506315","ASELLUS_AQUATICUS|SOUGEAL_000000","ASELLUS_AQUATICUS","2008-07-01","ASELLUS_AQUATICUS|SOUGEAL_000000[2","ASELLUS_AQUATICUS","2008-07-01","","","","","","",""
"SPUZANEX","42.48603","19.17389","ASELLUS_AQUATICUS|SPUZANEX_201107","ASELLUS_AQUATICUS","2011-07-01","ASELLUS_AQUATICUS|SPUZANEX_201107[1]PspSp1","ASELLUS_AQUATICUS","2011-07-01","Proasellus_etrange|SPUZANex_201107_1ID","Aaquaticus|SPUZANEX_201107_1IDex_YAB597|16SarDr_3kbdil_exProasellus_etrange","Aaquaticus|SPUZANEX_201107_1IDex_YAB597|16SarDr_3kbdil_exProasellus_etrange","VALIDEE","2017-09-15","ASELLUS_AQUATICUS","2017-09-15"
"SPUZANEX","42.48603","19.17389","ASELLUS_AQUATICUS|SPUZANEX_201107","ASELLUS_AQUATICUS","2011-07-01","ASELLUS_AQUATICUS|SPUZANEX_201107[1]PspSp1","ASELLUS_AQUATICUS","2011-07-01","Proasellus_etrange|SPUZANex_201107_1ID","Aaquaticus|SPUZANEX_201107_1IDex_YAC699|COILCO1490_YAC747_COIHCO2198_exProasellus_etrange","Aaquaticus|SPUZANEX_201107_1IDex_YAC699|COILCO1490_YAC747_COIHCO2198_exProasellus_etrange","VALIDEE","2017-09-15","ASELLUS_AQUATICUS","2017-09-15"
"SPUZANEX","42.48603","19.17389","ASELLUS_AQUATICUS|SPUZANEX_201107","ASELLUS_AQUATICUS","2011-07-01","ASELLUS_AQUATICUS|SPUZANEX_201107[1]PspSp1","ASELLUS_AQUATICUS","2011-07-01","Proasellus_etrange|SPUZANex_201107_1ID","Aaquaticus|SPUZANEX_201107_1IDex_YCM060|28Slev2_exProasellus_etrange","Aaquaticus|SPUZANEX_201107_1IDex_YCM060|28Slev2_exProasellus_etrange","VALIDEE","2017-09-15","ASELLUS_AQUATICUS","2017-09-15"
"SPUZANEX","42.48603","19.17389","ASELLUS_AQUATICUS|SPUZANEX_201107","ASELLUS_AQUATICUS","2011-07-01","ASELLUS_AQUATICUS|SPUZANEX_201107[2]PspSp2","ASELLUS_AQUATICUS","2011-07-01","Proasellus_etrange|SPUZANex_201107_2ID","Aaquaticus|SPUZANEX_201107_2IDex_YAB698|16SStenaR1_exProasellus_etrange","Aaquaticus|SPUZANEX_201107_2IDex_YAB698|16SStenaR1_exProasellus_etrange","VALIDEE","2017-09-15","ASELLUS_AQUATICUS","2017-09-15"
"SPUZANEX","42.48603","19.17389","ASELLUS_AQUATICUS|SPUZANEX_201107","ASELLUS_AQUATICUS","2011-07-01","ASELLUS_AQUATICUS|SPUZANEX_201107[2]PspSp2","ASELLUS_AQUATICUS","2011-07-01","Proasellus_etrange|SPUZANex_201107_2ID","Aaquaticus|SPUZANEX_201107_2IDex_YAE517|AM4R6Aaq_exProasellus_etrange","Aaquaticus|SPUZANEX_201107_2IDex_YAE517|AM4R6Aaq_exProasellus_etrange","VALIDEE","2017-09-15","ASELLUS_AQUATICUS","2017-09-15"
"SPUZONCL","42.52751","19.21903","ASELLUS_AQUATICUS|SPUZONCL_201107","ASELLUS_AQUATICUS","2011-09-01","","","","","","","","","",""
"SPUZSPRI","42.51107","19.19921","ASELLUS_AQUATICUS|SPUZSPRI_201107","ASELLUS_AQUATICUS","2011-09-01","","","","","","","","","",""
"STELLA","45.90431","13.05273","ASELLUS_AQUATICUS|STELLA_201008","ASELLUS_AQUATICUS","2010-11-01","","","","","","","","","",""
"STRAZME","48.38139","21.85806","ASELLUS_AQUATICUS|STRAZME_201105","ASELLUS_AQUATICUS","2011-06-01","ASELLUS_AQUATICUS|STRAZME_201105[A1]AASt1","ASELLUS_AQUATICUS","2011-06-01","Aaquaticus|STRAZME_201105_1","Ppribenicensis|STRAZME_201105_1ex_YAE070|16SStenaF1_exAaquaticus","Ppribenicensis|STRAZME_201105_1ex_YAE070|16SStenaF1_exAaquaticus","VALIDEE","2017-09-15","PROASELLUS_PRIBENICENSIS","2017-09-15"
"STRAZME","48.38139","21.85806","ASELLUS_AQUATICUS|STRAZME_201105","ASELLUS_AQUATICUS","2011-06-01","ASELLUS_AQUATICUS|STRAZME_201105[A1]AASt1","ASELLUS_AQUATICUS","2011-06-01","Aaquaticus|STRAZME_201105_1","Ppribenicensis|STRAZME_201105_1ex_YAF045|COILKF1_YAF111_COILKR2_exAaquaticus","Ppribenicensis|STRAZME_201105_1ex_YAF045|COILKF1_YAF111_COILKR2_exAaquaticus","VALIDEE","2017-09-15","PROASELLUS_PRIBENICENSIS","2017-09-15"
"SURVAGO","45.393569","11.155236","ASELLUS_AQUATICUS|SURVAGO_201504","ASELLUS_AQUATICUS","2015-07-01","ASELLUS_AQUATICUS|SURVAGO_201504[A1]AAS1","ASELLUS_AQUATICUS","2015-07-02","Aaquaticus|SURVAGO_201504_1ID","Aaquaticus|SURVAGO_201504_1ID_YAD829|16SStenaR1","Aaquaticus|SURVAGO_201504_1ID_YAD829|16SStenaR1","VALIDEE","2017-09-15","ASELLUS_AQUATICUS","2017-09-15"
"SURVAGO","45.393569","11.155236","ASELLUS_AQUATICUS|SURVAGO_201504","ASELLUS_AQUATICUS","2015-07-01","ASELLUS_AQUATICUS|SURVAGO_201504[A1]AAS1","ASELLUS_AQUATICUS","2015-07-02","Aaquaticus|SURVAGO_201504_1ID","Aaquaticus|SURVAGO_201504_1ID_YAE409|COIHCO2198","Aaquaticus|SURVAGO_201504_1ID_YAE409|COIHCO2198","VALIDEE","2017-09-15","ASELLUS_AQUATICUS","2017-09-15"
"SURVAGO","45.393569","11.155236","ASELLUS_AQUATICUS|SURVAGO_201504","ASELLUS_AQUATICUS","2015-07-01","ASELLUS_AQUATICUS|SURVAGO_201504[A2]AAS2","ASELLUS_AQUATICUS","2015-07-02","Aaquaticus|SURVAGO_201504_2","Aaquaticus|SURVAGO_201504_2_YAD844|16SStenaF1","Aaquaticus|SURVAGO_201504_2_YAD844|16SStenaF1","VALIDEE","2017-09-15","ASELLUS_AQUATICUS","2017-09-15"
"SURVAGO","45.393569","11.155236","ASELLUS_AQUATICUS|SURVAGO_201504","ASELLUS_AQUATICUS","2015-07-01","ASELLUS_AQUATICUS|SURVAGO_201504[A2]AAS2","ASELLUS_AQUATICUS","2015-07-02","Aaquaticus|SURVAGO_201504_2","Aaquaticus|SURVAGO_201504_2_YAE427|COILCO1490","Aaquaticus|SURVAGO_201504_2_YAE427|COILCO1490","VALIDEE","2017-09-15","ASELLUS_AQUATICUS","2017-09-15"
"SURVAGO","45.393569","11.155236","ASELLUS_AQUATICUS|SURVAGO_201504","ASELLUS_AQUATICUS","2015-07-01","ASELLUS_AQUATICUS|SURVAGO_201504[A3]AAS3","ASELLUS_AQUATICUS","2015-07-02","Aaquaticus|SURVAGO_201504_3","Aaquaticus|SURVAGO_201504_3_YAD845|16SStenaF1","Aaquaticus|SURVAGO_201504_3_YAD845|16SStenaF1","VALIDEE","2017-09-15","ASELLUS_AQUATICUS","2017-09-15"
"TANNERIE","44.77806","-0.588056","ASELLUS_AQUATICUS|TANNERIE_200905","ASELLUS_AQUATICUS","2009-06-01","ASELLUS_AQUATICUS|TANNERIE_200905[INCONNU]T1","ASELLUS_AQUATICUS","2009-07-22","Aaquaticus|TANNERIE_200905_1","Aaquaticus|TANNERIE_200905_1_YAC700|COIHCO2198_YAC749_COILCO1490","Aaquaticus|TANNERIE_200905_1_YAC700|COIHCO2198_YAC749_COILCO1490","VALIDEE","2017-09-15","ASELLUS_AQUATICUS","2017-09-15"
"TANNERIE","44.77806","-0.588056","ASELLUS_AQUATICUS|TANNERIE_200905","ASELLUS_AQUATICUS","2009-06-01","ASELLUS_AQUATICUS|TANNERIE_200905[INCONNU]T1","ASELLUS_AQUATICUS","2009-07-22","Aaquaticus|TANNERIE_200905_1","Aaquaticus|TANNERIE_200905_1_YAS787|16SStenaF1","Aaquaticus|TANNERIE_200905_1_YAS787|16SStenaF1","VALIDEE","2017-09-15","ASELLUS_AQUATICUS","2017-09-15"
"TANNERIE","44.77806","-0.588056","ASELLUS_AQUATICUS|TANNERIE_200905","ASELLUS_AQUATICUS","2009-06-01","ASELLUS_AQUATICUS|TANNERIE_200905[INCONNU]T1","ASELLUS_AQUATICUS","2009-07-22","Aaquaticus|TANNERIE_200905_1","Aaquaticus|TANNERIE_200905_1_YCM088|28Slev2","Aaquaticus|TANNERIE_200905_1_YCM088|28Slev2","VALIDEE","2017-09-15","ASELLUS_AQUATICUS","2017-09-15"
"TANNERIE","44.77806","-0.588056","ASELLUS_AQUATICUS|TANNERIE_200905","ASELLUS_AQUATICUS","2009-06-01","ASELLUS_AQUATICUS|TANNERIE_200905[1","ASELLUS_AQUATICUS","2009-07-22","","","","","","",""
"TANNERIE","44.77806","-0.588056","ASELLUS_AQUATICUS|TANNERIE_200905","ASELLUS_AQUATICUS","2009-06-01","ASELLUS_AQUATICUS|TANNERIE_200905[2","ASELLUS_AQUATICUS","2009-07-22","","","","","","",""
"TANNERIE","44.77806","-0.588056","ASELLUS_AQUATICUS|TANNERIE_200905","ASELLUS_AQUATICUS","2009-06-01","ASELLUS_AQUATICUS|TANNERIE_200905[3","ASELLUS_AQUATICUS","2009-07-22","","","","","","",""
"THRISO","35.476983","23.929754","ASELLUS_AQUATICUS|THRISO_201610","ASELLUS_AQUATICUS","2016-12-01","ASELLUS_AQUATICUS|THRISO_201610[A1]AAT1","ASELLUS_AQUATICUS","2016-12-01","Aaquaticus|THRISO_201610_1ID","Aaquaticus|THRISO_201610_1ID_YAF419|16SStenaF1","Aaquaticus|THRISO_201610_1ID_YAF419|16SStenaF1","VALIDEE","2017-09-15","ASELLUS_AQUATICUS","2017-09-15"
"THRISO","35.476983","23.929754","ASELLUS_AQUATICUS|THRISO_201610","ASELLUS_AQUATICUS","2016-12-01","ASELLUS_AQUATICUS|THRISO_201610[A1]AAT1","ASELLUS_AQUATICUS","2016-12-01","Aaquaticus|THRISO_201610_1ID","Aaquaticus|THRISO_201610_1ID_YAF592|COILKF1","Aaquaticus|THRISO_201610_1ID_YAF592|COILKF1","VALIDEE","2017-09-15","ASELLUS_AQUATICUS","2017-09-15"
"VELKY","48.345","21.83472","ASELLUS_AQUATICUS|VELKY_201105","ASELLUS_AQUATICUS","2011-06-01","ASELLUS_AQUATICUS|VELKY_201105[A1]AAV1","ASELLUS_AQUATICUS","2011-06-01","Aaquaticus|VELKY_201105_1","Aaquaticus|VELKY_201105_1_YAE220|16SStenaF1_YAE457_16SStenaR1","Aaquaticus|VELKY_201105_1_YAE220|16SStenaF1_YAE457_16SStenaR1","VALIDEE","2017-09-15","ASELLUS_AQUATICUS","2017-09-15"
"VELKY","48.345","21.83472","ASELLUS_AQUATICUS|VELKY_201105","ASELLUS_AQUATICUS","2011-06-01","ASELLUS_AQUATICUS|VELKY_201105[A1]AAV1","ASELLUS_AQUATICUS","2011-06-01","Aaquaticus|VELKY_201105_1","Aaquaticus|VELKY_201105_1_YAF121|COILKF0_dil","Aaquaticus|VELKY_201105_1_YAF121|COILKF0_dil","VALIDEE","2017-09-15","ASELLUS_AQUATICUS","2017-09-15"
"VRYSSES","35.376174","24.20108","ASELLUS_AQUATICUS|VRYSSES_201610","ASELLUS_AQUATICUS","2016-12-01","ASELLUS_AQUATICUS|VRYSSES_201610[A1]AAVr1","ASELLUS_AQUATICUS","2016-12-01","Aaquaticus|VRYSSES_201610_1ID","Aaquaticus|VRYSSES_201610_1ID_YAF413|16SStenaR1","Aaquaticus|VRYSSES_201610_1ID_YAF413|16SStenaR1","VALIDEE","2017-09-15","ASELLUS_AQUATICUS","2017-09-15"
"VRYSSES","35.376174","24.20108","ASELLUS_AQUATICUS|VRYSSES_201610","ASELLUS_AQUATICUS","2016-12-01","ASELLUS_AQUATICUS|VRYSSES_201610[A1]AAVr1","ASELLUS_AQUATICUS","2016-12-01","Aaquaticus|VRYSSES_201610_1ID","Aaquaticus|VRYSSES_201610_1ID_YAF614|COILKR1_YAF789_COILKR1","Aaquaticus|VRYSSES_201610_1ID_YAF614|COILKR1_YAF789_COILKR1","VALIDEE","2017-09-15","ASELLUS_AQUATICUS","2017-09-15"
"WEDDING","51.98597","10.50512","ASELLUS_AQUATICUS|WEDDING_201002","ASELLUS_AQUATICUS","2010-04-01","","","","","","","","","",""
"ZALOSCE","45.88808","13.74331","ASELLUS_AQUATICUS|ZALOSCE_201008","ASELLUS_AQUATICUS","2010-11-01","","","","","","","","","",""
