"code_station","lat_deg_dec","long_deg_dec","code_sqc_ass_ext","code_sqc_ass_ext_alignement","statut_sqc_ass","date_creation_sqc_ass_ext","taxname_sqc","date_identification_sqc_ass","gene"
"ALBORG","57.047","9.919","Aaquaticus|ALBORG_000000_0_DQ144746|NCBI","Aaquaticus|ALBORG_000000_0_DQ144746|NCBI","VALIDEE","2017-09-15","ASELLUS_AQUATICUS","2017-09-15","28S"
"ALBORG","57.047","9.919","Aaquaticus|ALBORG_000000_0_DQ144816|NCBI","Aaquaticus|ALBORG_000000_0_DQ144816|NCBI","VALIDEE","2017-09-15","ASELLUS_AQUATICUS","2017-09-15","COI"
"ALBORG","57.047","9.919","Aaquaticus|ALBORG_000000_0_DQ144817|NCBI","Aaquaticus|ALBORG_000000_0_DQ144817|NCBI","VALIDEE","2017-09-15","ASELLUS_AQUATICUS","2017-09-15","COI"
"ALBORG","57.047","9.919","Aaquaticus|ALBORG_000000_0_DQ144818|NCBI","Aaquaticus|ALBORG_000000_0_DQ144818|NCBI","VALIDEE","2017-09-15","ASELLUS_AQUATICUS","2017-09-15","COI"
"ANASTRMA","43.823225","28.567144","Aaquaticus|ANASTRMA_000000_0_KJ676728|NCBI","Aaquaticus|ANASTRMA_000000_0_KJ676728|NCBI","VALIDEE","2017-09-15","ASELLUS_AQUATICUS","2017-09-15","28S"
"ANASTRMA","43.823225","28.567144","Aaquaticus|ANASTRMA_000000_0_KJ676756|NCBI","Aaquaticus|ANASTRMA_000000_0_KJ676756|NCBI","VALIDEE","2017-09-15","ASELLUS_AQUATICUS","2017-09-15","COI"
"ARANCAST","46.0375","20.58389","Aaquaticus|ARANCAST_000000_0_KR921833|NCBI","Aaquaticus|ARANCAST_000000_0_KR921833|NCBI","VALIDEE","2017-09-15","ASELLUS_AQUATICUS","2017-09-15","COI"
"ARANCAST","46.0375","20.58389","Aaquaticus|ARANCAST_000000_0_KR921834|NCBI","Aaquaticus|ARANCAST_000000_0_KR921834|NCBI","VALIDEE","2017-09-15","ASELLUS_AQUATICUS","2017-09-15","COI"
"ARANCAST","46.0375","20.58389","Aaquaticus|ARANCAST_000000_0_KR921835|NCBI","Aaquaticus|ARANCAST_000000_0_KR921835|NCBI","VALIDEE","2017-09-15","ASELLUS_AQUATICUS","2017-09-15","COI"
"ARSA","43.839194","28.465056","Aaquaticus|ARSA_000000_0_KJ676745|NCBI","Aaquaticus|ARSA_000000_0_KJ676745|NCBI","VALIDEE","2017-09-15","ASELLUS_AQUATICUS","2017-09-15","COI"
"BABINE","45.056","18.64","Aaquaticus|BABINE_000000_0_DQ144859|NCBI","Aaquaticus|BABINE_000000_0_DQ144859|NCBI","VALIDEE","2017-09-15","ASELLUS_AQUATICUS","2017-09-15","COI"
"BABINE","45.056","18.64","Aaquaticus|BABINE_000000_0_DQ144860|NCBI","Aaquaticus|BABINE_000000_0_DQ144860|NCBI","VALIDEE","2017-09-15","ASELLUS_AQUATICUS","2017-09-15","COI"
"BABINE","45.056","18.64","Aaquaticus|BABINE_000000_0_DQ144861|NCBI","Aaquaticus|BABINE_000000_0_DQ144861|NCBI","VALIDEE","2017-09-15","ASELLUS_AQUATICUS","2017-09-15","COI"
"BABINE","45.056","18.64","Aaquaticus|BABINE_000000_0_DQ144862|NCBI","Aaquaticus|BABINE_000000_0_DQ144862|NCBI","VALIDEE","2017-09-15","ASELLUS_AQUATICUS","2017-09-15","COI"
"BAIAMARE","47.969567","23.69605","Aaquaticus|BAIAMARE_000000_0_DQ144746|NCBI","Aaquaticus|BAIAMARE_000000_0_DQ144746|NCBI","VALIDEE","2017-09-15","ASELLUS_AQUATICUS","2017-09-15","28S"
"BAIAMARE","47.969567","23.69605","Aaquaticus|BAIAMARE_000000_0_KJ676741|NCBI","Aaquaticus|BAIAMARE_000000_0_KJ676741|NCBI","VALIDEE","2017-09-15","ASELLUS_AQUATICUS","2017-09-15","COI"
"BAIAMARE","47.969567","23.69605","Aaquaticus|BAIAMARE_000000_0_KJ676742|NCBI","Aaquaticus|BAIAMARE_000000_0_KJ676742|NCBI","VALIDEE","2017-09-15","ASELLUS_AQUATICUS","2017-09-15","COI"
"BAIAMARE","47.969567","23.69605","Aaquaticus|BAIAMARE_000000_0_KJ676743|NCBI","Aaquaticus|BAIAMARE_000000_0_KJ676743|NCBI","VALIDEE","2017-09-15","ASELLUS_AQUATICUS","2017-09-15","COI"
"BAIAMARE","47.969567","23.69605","Aaquaticus|BAIAMARE_000000_0_KJ676744|NCBI","Aaquaticus|BAIAMARE_000000_0_KJ676744|NCBI","VALIDEE","2017-09-15","ASELLUS_AQUATICUS","2017-09-15","COI"
"BAKOVCI","46.606","16.166","Aaquaticus|BAKOVCI_000000_0_AY531776|NCBI","Aaquaticus|BAKOVCI_000000_0_AY531776|NCBI","VALIDEE","2017-09-15","ASELLUS_AQUATICUS","2017-09-15","COI"
"BAKOVCI","46.606","16.166","Aaquaticus|BAKOVCI_000000_0_AY531777|NCBI","Aaquaticus|BAKOVCI_000000_0_AY531777|NCBI","VALIDEE","2017-09-15","ASELLUS_AQUATICUS","2017-09-15","COI"
"BAKOVCI","46.606","16.166","Aaquaticus|BAKOVCI_000000_0_AY531778|NCBI","Aaquaticus|BAKOVCI_000000_0_AY531778|NCBI","VALIDEE","2017-09-15","ASELLUS_AQUATICUS","2017-09-15","COI"
"BAKOVCI","46.606","16.166","Aaquaticus|BAKOVCI_000000_0_AY531779|NCBI","Aaquaticus|BAKOVCI_000000_0_AY531779|NCBI","VALIDEE","2017-09-15","ASELLUS_AQUATICUS","2017-09-15","COI"
"BARABOI","46.29506","30.50324","Aaquaticus|BARABOI_000000_0_KR921859|NCBI","Aaquaticus|BARABOI_000000_0_KR921859|NCBI","VALIDEE","2017-09-15","ASELLUS_AQUATICUS","2017-09-15","COI"
"BARJELJU","46.003","14.507","Aaquaticus|BARJELJU_000000_0_AY531810|NCBI","Aaquaticus|BARJELJU_000000_0_AY531810|NCBI","VALIDEE","2017-09-15","ASELLUS_AQUATICUS","2017-09-15","COI"
"BASKE","44.52667","15.18139","Aaquaticus|BASKE_000000_0_DQ144745|NCBI","Aaquaticus|BASKE_000000_0_DQ144745|NCBI","VALIDEE","2017-09-15","ASELLUS_AQUATICUS","2017-09-15","28S"
"BASKE","44.52667","15.18139","Aaquaticus|BASKE_000000_0_DQ144788|NCBI","Aaquaticus|BASKE_000000_0_DQ144788|NCBI","VALIDEE","2017-09-15","ASELLUS_AQUATICUS","2017-09-15","COI"
"BASKE","44.52667","15.18139","Aaquaticus|BASKE_000000_0_DQ144789|NCBI","Aaquaticus|BASKE_000000_0_DQ144789|NCBI","VALIDEE","2017-09-15","ASELLUS_AQUATICUS","2017-09-15","COI"
"BASKE","44.52667","15.18139","Aaquaticus|BASKE_000000_0_DQ144790|NCBI","Aaquaticus|BASKE_000000_0_DQ144790|NCBI","VALIDEE","2017-09-15","ASELLUS_AQUATICUS","2017-09-15","COI"
"BASKE","44.52667","15.18139","Aaquaticus|BASKE_000000_0_DQ144791|NCBI","Aaquaticus|BASKE_000000_0_DQ144791|NCBI","VALIDEE","2017-09-15","ASELLUS_AQUATICUS","2017-09-15","COI"
"BEREZINA","54.65246","28.23753","Aaquaticus|BEREZINA_000000_0_KR921758|NCBI","Aaquaticus|BEREZINA_000000_0_KR921758|NCBI","VALIDEE","2017-09-15","ASELLUS_AQUATICUS","2017-09-15","COI"
"BEREZINA","54.65246","28.23753","Aaquaticus|BEREZINA_000000_0_KR921759|NCBI","Aaquaticus|BEREZINA_000000_0_KR921759|NCBI","VALIDEE","2017-09-15","ASELLUS_AQUATICUS","2017-09-15","COI"
"BRANIEWO","54.3782","19.85276","Aaquaticus|BRANIEWO_000000_0_KR921750|NCBI","Aaquaticus|BRANIEWO_000000_0_KR921750|NCBI","VALIDEE","2017-09-15","ASELLUS_AQUATICUS","2017-09-15","28S"
"BRANIEWO","54.3782","19.85276","Aaquaticus|BRANIEWO_000000_0_KR921796|NCBI","Aaquaticus|BRANIEWO_000000_0_KR921796|NCBI","VALIDEE","2017-09-15","ASELLUS_AQUATICUS","2017-09-15","COI"
"BREMEN","53.084722","8.820833","Aaquaticus|BREMEN_000000_0_GU130252|NCBI","Aaquaticus|BREMEN_000000_0_GU130252|NCBI","VALIDEE","2017-09-15","ASELLUS_AQUATICUS","2017-09-15","COI"
"CRET","46.476","15.803","Aaquaticus|CRET_000000_0_DQ144746|NCBI","Aaquaticus|CRET_000000_0_DQ144746|NCBI","VALIDEE","2017-09-15","ASELLUS_AQUATICUS","2017-09-15","28S"
"CRET","46.476","15.803","Aaquaticus|CRET_000000_0_DQ144889|NCBI","Aaquaticus|CRET_000000_0_DQ144889|NCBI","VALIDEE","2017-09-15","ASELLUS_AQUATICUS","2017-09-15","COI"
"CRMOJEVI","42.35454","19.02806","Aaquaticus|CRMOJEVI_000000_0_KR921791|NCBI","Aaquaticus|CRMOJEVI_000000_0_KR921791|NCBI","VALIDEE","2017-09-15","ASELLUS_AQUATICUS","2017-09-15","COI"
"CRMOJEVI","42.35454","19.02806","Aaquaticus|CRMOJEVI_000000_0_KR921792|NCBI","Aaquaticus|CRMOJEVI_000000_0_KR921792|NCBI","VALIDEE","2017-09-15","ASELLUS_AQUATICUS","2017-09-15","COI"
"CRMOJEVI","42.35454","19.02806","Aaquaticus|CRMOJEVI_000000_0_KR921793|NCBI","Aaquaticus|CRMOJEVI_000000_0_KR921793|NCBI","VALIDEE","2017-09-15","ASELLUS_AQUATICUS","2017-09-15","COI"
"CRMOJEVI","42.35454","19.02806","Aaquaticus|CRMOJEVI_000000_0_KR921794|NCBI","Aaquaticus|CRMOJEVI_000000_0_KR921794|NCBI","VALIDEE","2017-09-15","ASELLUS_AQUATICUS","2017-09-15","COI"
"CRNAJAM1","45.815833","14.211944","Aaquaticus|CRNAJAM1_000000_0_KJ676735|NCBI","Aaquaticus|CRNAJAM1_000000_0_KJ676735|NCBI","VALIDEE","2017-09-15","ASELLUS_AQUATICUS","2017-09-15","COI"
"CRNAJAMA","45.804","14.205","Aaquaticus|CRNAJAMA_000000_0_AY531757|NCBI","Aaquaticus|CRNAJAMA_000000_0_AY531757|NCBI","VALIDEE","2017-09-15","ASELLUS_AQUATICUS","2017-09-15","COI"
"CRNAJAMA","45.804","14.205","Aaquaticus|CRNAJAMA_000000_0_AY531758|NCBI","Aaquaticus|CRNAJAMA_000000_0_AY531758|NCBI","VALIDEE","2017-09-15","ASELLUS_AQUATICUS","2017-09-15","COI"
"CRNAJAMA","45.804","14.205","Aaquaticus|CRNAJAMA_000000_0_AY531794|NCBI","Aaquaticus|CRNAJAMA_000000_0_AY531794|NCBI","VALIDEE","2017-09-15","ASELLUS_AQUATICUS","2017-09-15","COI"
"CRNAJAMA","45.804","14.205","Aaquaticus|CRNAJAMA_000000_0_AY531795|NCBI","Aaquaticus|CRNAJAMA_000000_0_AY531795|NCBI","VALIDEE","2017-09-15","ASELLUS_AQUATICUS","2017-09-15","COI"
"CRNAJAMA","45.804","14.205","Aaquaticus|CRNAJAMA_000000_0_AY531799|NCBI","Aaquaticus|CRNAJAMA_000000_0_AY531799|NCBI","VALIDEE","2017-09-15","ASELLUS_AQUATICUS","2017-09-15","COI"
"CRNAJAMA","45.804","14.205","Aaquaticus|CRNAJAMA_000000_0_AY531800|NCBI","Aaquaticus|CRNAJAMA_000000_0_AY531800|NCBI","VALIDEE","2017-09-15","ASELLUS_AQUATICUS","2017-09-15","COI"
"CRNAJAMA","45.804","14.205","Aaquaticus|CRNAJAMA_000000_0_AY531806|NCBI","Aaquaticus|CRNAJAMA_000000_0_AY531806|NCBI","VALIDEE","2017-09-15","ASELLUS_AQUATICUS","2017-09-15","COI"
"CRNAJAMA","45.804","14.205","Aaquaticus|CRNAJAMA_000000_0_AY531807|NCBI","Aaquaticus|CRNAJAMA_000000_0_AY531807|NCBI","VALIDEE","2017-09-15","ASELLUS_AQUATICUS","2017-09-15","COI"
"DALNIKRI","46.40059","30.59154","Aaquaticus|DALNIKRI_000000_0_KR921858|NCBI","Aaquaticus|DALNIKRI_000000_0_KR921858|NCBI","VALIDEE","2017-09-15","ASELLUS_AQUATICUS","2017-09-15","COI"
"DEKMANC","46.077632","15.624259","Aaquaticus|DEKMANC_000000_0_DQ144798|NCBI","Aaquaticus|DEKMANC_000000_0_DQ144798|NCBI","VALIDEE","2017-09-15","ASELLUS_AQUATICUS","2017-09-15","COI"
"DNIEPER","46.5127","31.88325","Aaquaticus|DNIEPER_000000_0_KR921850|NCBI","Aaquaticus|DNIEPER_000000_0_KR921850|NCBI","VALIDEE","2017-09-15","ASELLUS_AQUATICUS","2017-09-15","COI"
"DNIEPER","46.5127","31.88325","Aaquaticus|DNIEPER_000000_0_KR921857|NCBI","Aaquaticus|DNIEPER_000000_0_KR921857|NCBI","VALIDEE","2017-09-15","ASELLUS_AQUATICUS","2017-09-15","COI"
"DOLENJE","45.869","13.92","Aaquaticus|DOLENJE_000000_0_DQ144744|NCBI","Aaquaticus|DOLENJE_000000_0_DQ144744|NCBI","VALIDEE","2017-09-15","ASELLUS_AQUATICUS","2017-09-15","28S"
"DOLENJE","45.869","13.92","Aaquaticus|DOLENJE_000000_0_DQ144783|NCBI","Aaquaticus|DOLENJE_000000_0_DQ144783|NCBI","VALIDEE","2017-09-15","ASELLUS_AQUATICUS","2017-09-15","COI"
"DOLENJE","45.869","13.92","Aaquaticus|DOLENJE_000000_0_DQ144784|NCBI","Aaquaticus|DOLENJE_000000_0_DQ144784|NCBI","VALIDEE","2017-09-15","ASELLUS_AQUATICUS","2017-09-15","COI"
"DOLENJE","45.869","13.92","Aaquaticus|DOLENJE_000000_0_DQ144785|NCBI","Aaquaticus|DOLENJE_000000_0_DQ144785|NCBI","VALIDEE","2017-09-15","ASELLUS_AQUATICUS","2017-09-15","COI"
"DOLENJE","45.869","13.92","Aaquaticus|DOLENJE_000000_0_DQ144786|NCBI","Aaquaticus|DOLENJE_000000_0_DQ144786|NCBI","VALIDEE","2017-09-15","ASELLUS_AQUATICUS","2017-09-15","COI"
"DOLENJE","45.869","13.92","Aaquaticus|DOLENJE_000000_0_DQ144787|NCBI","Aaquaticus|DOLENJE_000000_0_DQ144787|NCBI","VALIDEE","2017-09-15","ASELLUS_AQUATICUS","2017-09-15","COI"
"DOLGAVA","45.624","14.876","Aaquaticus|DOLGAVA_000000_0_DQ144741|NCBI","Aaquaticus|DOLGAVA_000000_0_DQ144741|NCBI","VALIDEE","2017-09-15","ASELLUS_AQUATICUS","2017-09-15","28S"
"DONRIVE","53.494","-1.248","Aaquaticus|DONRIVE_000000_0_DQ144748|NCBI","Aaquaticus|DONRIVE_000000_0_DQ144748|NCBI","VALIDEE","2017-09-15","ASELLUS_AQUATICUS","2017-09-15","28S"
"DONRIVE","53.494","-1.248","Aaquaticus|DONRIVE_000000_0_DQ144886|NCBI","Aaquaticus|DONRIVE_000000_0_DQ144886|NCBI","VALIDEE","2017-09-15","ASELLUS_AQUATICUS","2017-09-15","COI"
"DRAVARIV","46.385","15.936","Aaquaticus|DRAVARIV_000000_0_DQ144746|NCBI","Aaquaticus|DRAVARIV_000000_0_DQ144746|NCBI","VALIDEE","2017-09-15","ASELLUS_AQUATICUS","2017-09-15","28S"
"DRAVARIV","46.385","15.936","Aaquaticus|DRAVARIV_000000_0_DQ144753|NCBI","Aaquaticus|DRAVARIV_000000_0_DQ144753|NCBI","VALIDEE","2017-09-15","ASELLUS_AQUATICUS","2017-09-15","COI"
"DRAVARIV","46.385","15.936","Aaquaticus|DRAVARIV_000000_0_DQ144754|NCBI","Aaquaticus|DRAVARIV_000000_0_DQ144754|NCBI","VALIDEE","2017-09-15","ASELLUS_AQUATICUS","2017-09-15","COI"
"DRAVARIV","46.385","15.936","Aaquaticus|DRAVARIV_000000_0_DQ144755|NCBI","Aaquaticus|DRAVARIV_000000_0_DQ144755|NCBI","VALIDEE","2017-09-15","ASELLUS_AQUATICUS","2017-09-15","COI"
"DRAVARIV","46.385","15.936","Aaquaticus|DRAVARIV_000000_0_DQ144756|NCBI","Aaquaticus|DRAVARIV_000000_0_DQ144756|NCBI","VALIDEE","2017-09-15","ASELLUS_AQUATICUS","2017-09-15","COI"
"DRAVARIV","46.385","15.936","Aaquaticus|DRAVARIV_000000_0_DQ144757|NCBI","Aaquaticus|DRAVARIV_000000_0_DQ144757|NCBI","VALIDEE","2017-09-15","ASELLUS_AQUATICUS","2017-09-15","COI"
"DRAVARIV","46.385","15.936","Aaquaticus|DRAVARIV_000000_0_DQ144758|NCBI","Aaquaticus|DRAVARIV_000000_0_DQ144758|NCBI","VALIDEE","2017-09-15","ASELLUS_AQUATICUS","2017-09-15","COI"
"DRAVARIV","46.385","15.936","Aaquaticus|DRAVARIV_000000_0_DQ144759|NCBI","Aaquaticus|DRAVARIV_000000_0_DQ144759|NCBI","VALIDEE","2017-09-15","ASELLUS_AQUATICUS","2017-09-15","COI"
"DRAVARIV","46.385","15.936","Aaquaticus|DRAVARIV_000000_0_DQ144760|NCBI","Aaquaticus|DRAVARIV_000000_0_DQ144760|NCBI","VALIDEE","2017-09-15","ASELLUS_AQUATICUS","2017-09-15","COI"
"DRAVARIV","46.385","15.936","Aaquaticus|DRAVARIV_000000_0_DQ144761|NCBI","Aaquaticus|DRAVARIV_000000_0_DQ144761|NCBI","VALIDEE","2017-09-15","ASELLUS_AQUATICUS","2017-09-15","COI"
"DRAVARIV","46.385","15.936","Aaquaticus|DRAVARIV_000000_0_DQ144762|NCBI","Aaquaticus|DRAVARIV_000000_0_DQ144762|NCBI","VALIDEE","2017-09-15","ASELLUS_AQUATICUS","2017-09-15","COI"
"DRAVARIV","46.385","15.936","Aaquaticus|DRAVARIV_000000_0_DQ144763|NCBI","Aaquaticus|DRAVARIV_000000_0_DQ144763|NCBI","VALIDEE","2017-09-15","ASELLUS_AQUATICUS","2017-09-15","COI"
"DRAVARIV","46.385","15.936","Aaquaticus|DRAVARIV_000000_0_DQ144764|NCBI","Aaquaticus|DRAVARIV_000000_0_DQ144764|NCBI","VALIDEE","2017-09-15","ASELLUS_AQUATICUS","2017-09-15","COI"
"DRAVARIV","46.385","15.936","Aaquaticus|DRAVARIV_000000_0_DQ144765|NCBI","Aaquaticus|DRAVARIV_000000_0_DQ144765|NCBI","VALIDEE","2017-09-15","ASELLUS_AQUATICUS","2017-09-15","COI"
"DRAVARIV","46.385","15.936","Aaquaticus|DRAVARIV_000000_0_DQ144766|NCBI","Aaquaticus|DRAVARIV_000000_0_DQ144766|NCBI","VALIDEE","2017-09-15","ASELLUS_AQUATICUS","2017-09-15","COI"
"DRAVARIV","46.385","15.936","Aaquaticus|DRAVARIV_000000_0_DQ144767|NCBI","Aaquaticus|DRAVARIV_000000_0_DQ144767|NCBI","VALIDEE","2017-09-15","ASELLUS_AQUATICUS","2017-09-15","COI"
"DRAVARIV","46.385","15.936","Aaquaticus|DRAVARIV_000000_0_DQ144768|NCBI","Aaquaticus|DRAVARIV_000000_0_DQ144768|NCBI","VALIDEE","2017-09-15","ASELLUS_AQUATICUS","2017-09-15","COI"
"DRAVARIV","46.385","15.936","Aaquaticus|DRAVARIV_000000_0_DQ144889|NCBI","Aaquaticus|DRAVARIV_000000_0_DQ144889|NCBI","VALIDEE","2017-09-15","ASELLUS_AQUATICUS","2017-09-15","COI"
"DVORTSOV","60.11374","30.2545","Aaquaticus|DVORTSOV_000000_0_KR921836|NCBI","Aaquaticus|DVORTSOV_000000_0_KR921836|NCBI","VALIDEE","2017-09-15","ASELLUS_AQUATICUS","2017-09-15","COI"
"DVORTSOV","60.11374","30.2545","Aaquaticus|DVORTSOV_000000_0_KR921837|NCBI","Aaquaticus|DVORTSOV_000000_0_KR921837|NCBI","VALIDEE","2017-09-15","ASELLUS_AQUATICUS","2017-09-15","COI"
"EMARIVER","58.38697","26.72216","Aaquaticus|EMARIVER_000000_0_KR921761|NCBI","Aaquaticus|EMARIVER_000000_0_KR921761|NCBI","VALIDEE","2017-09-15","ASELLUS_AQUATICUS","2017-09-15","COI"
"EMARIVER","58.38697","26.72216","Aaquaticus|EMARIVER_000000_0_KR921762|NCBI","Aaquaticus|EMARIVER_000000_0_KR921762|NCBI","VALIDEE","2017-09-15","ASELLUS_AQUATICUS","2017-09-15","COI"
"ETTRING","48.104","10.653","Aaquaticus|ETTRING_000000_0_DQ144746|NCBI","Aaquaticus|ETTRING_000000_0_DQ144746|NCBI","VALIDEE","2017-09-15","ASELLUS_AQUATICUS","2017-09-15","28S"
"ETTRING","48.104","10.653","Aaquaticus|ETTRING_000000_0_DQ144831|NCBI","Aaquaticus|ETTRING_000000_0_DQ144831|NCBI","VALIDEE","2017-09-15","ASELLUS_AQUATICUS","2017-09-15","COI"
"ETTRING","48.104","10.653","Aaquaticus|ETTRING_000000_0_DQ144832|NCBI","Aaquaticus|ETTRING_000000_0_DQ144832|NCBI","VALIDEE","2017-09-15","ASELLUS_AQUATICUS","2017-09-15","COI"
"EVROS","40.851","26.178","Aaquaticus|EVROS_000000_0_DQ144746|NCBI","Aaquaticus|EVROS_000000_0_DQ144746|NCBI","VALIDEE","2017-09-15","ASELLUS_AQUATICUS","2017-09-15","28S"
"EVROS","40.851","26.178","Aaquaticus|EVROS_000000_0_DQ144884|NCBI","Aaquaticus|EVROS_000000_0_DQ144884|NCBI","VALIDEE","2017-09-15","ASELLUS_AQUATICUS","2017-09-15","COI"
"EVROS","40.851","26.178","Aaquaticus|EVROS_000000_0_DQ144885|NCBI","Aaquaticus|EVROS_000000_0_DQ144885|NCBI","VALIDEE","2017-09-15","ASELLUS_AQUATICUS","2017-09-15","COI"
"FARDUMEC","57.788","18.918","Aaquaticus|FARDUMEC_000000_0_FJ799997|NCBI","Aaquaticus|FARDUMEC_000000_0_FJ799997|NCBI","VALIDEE","2017-09-15","ASELLUS_AQUATICUS","2017-09-15","COI"
"FARDUMEC","57.788","18.918","Aaquaticus|FARDUMEC_000000_0_FJ800009|NCBI","Aaquaticus|FARDUMEC_000000_0_FJ800009|NCBI","VALIDEE","2017-09-15","ASELLUS_AQUATICUS","2017-09-15","COI"
"FARDUMEC","57.788","18.918","Aaquaticus|FARDUMEC_000000_0_FJ800015|NCBI","Aaquaticus|FARDUMEC_000000_0_FJ800015|NCBI","VALIDEE","2017-09-15","ASELLUS_AQUATICUS","2017-09-15","COI"
"FARDUMEC","57.788","18.918","Aaquaticus|FARDUMEC_000000_0_FJ800016|NCBI","Aaquaticus|FARDUMEC_000000_0_FJ800016|NCBI","VALIDEE","2017-09-15","ASELLUS_AQUATICUS","2017-09-15","COI"
"FARDUMEC","57.788","18.918","Aaquaticus|FARDUMEC_000000_0_FJ800017|NCBI","Aaquaticus|FARDUMEC_000000_0_FJ800017|NCBI","VALIDEE","2017-09-15","ASELLUS_AQUATICUS","2017-09-15","COI"
"FARDUMEC","57.788","18.918","Aaquaticus|FARDUMEC_000000_0_FJ800018|NCBI","Aaquaticus|FARDUMEC_000000_0_FJ800018|NCBI","VALIDEE","2017-09-15","ASELLUS_AQUATICUS","2017-09-15","COI"
"FARDUMEC","57.788","18.918","Aaquaticus|FARDUMEC_000000_0_FJ800019|NCBI","Aaquaticus|FARDUMEC_000000_0_FJ800019|NCBI","VALIDEE","2017-09-15","ASELLUS_AQUATICUS","2017-09-15","COI"
"FARDUMEC","57.788","18.918","Aaquaticus|FARDUMEC_000000_0_FJ800020|NCBI","Aaquaticus|FARDUMEC_000000_0_FJ800020|NCBI","VALIDEE","2017-09-15","ASELLUS_AQUATICUS","2017-09-15","COI"
"FARDUMER","57.788","18.918","Aaquaticus|FARDUMER_000000_0_FJ800009|NCBI","Aaquaticus|FARDUMER_000000_0_FJ800009|NCBI","VALIDEE","2017-09-15","ASELLUS_AQUATICUS","2017-09-15","COI"
"FARDUMER","57.788","18.918","Aaquaticus|FARDUMER_000000_0_FJ800019|NCBI","Aaquaticus|FARDUMER_000000_0_FJ800019|NCBI","VALIDEE","2017-09-15","ASELLUS_AQUATICUS","2017-09-15","COI"
"FARDUMER","57.788","18.918","Aaquaticus|FARDUMER_000000_0_FJ800020|NCBI","Aaquaticus|FARDUMER_000000_0_FJ800020|NCBI","VALIDEE","2017-09-15","ASELLUS_AQUATICUS","2017-09-15","COI"
"FARDUMER","57.788","18.918","Aaquaticus|FARDUMER_000000_0_FJ800021|NCBI","Aaquaticus|FARDUMER_000000_0_FJ800021|NCBI","VALIDEE","2017-09-15","ASELLUS_AQUATICUS","2017-09-15","COI"
"FARDUMER","57.788","18.918","Aaquaticus|FARDUMER_000000_0_FJ800022|NCBI","Aaquaticus|FARDUMER_000000_0_FJ800022|NCBI","VALIDEE","2017-09-15","ASELLUS_AQUATICUS","2017-09-15","COI"
"FARDUMER","57.788","18.918","Aaquaticus|FARDUMER_000000_0_FJ800023|NCBI","Aaquaticus|FARDUMER_000000_0_FJ800023|NCBI","VALIDEE","2017-09-15","ASELLUS_AQUATICUS","2017-09-15","COI"
"FARDUMER","57.788","18.918","Aaquaticus|FARDUMER_000000_0_FJ800024|NCBI","Aaquaticus|FARDUMER_000000_0_FJ800024|NCBI","VALIDEE","2017-09-15","ASELLUS_AQUATICUS","2017-09-15","COI"
"GALEZNE","54.13818","17.98464","Aaquaticus|GALEZNE_000000_0_KR921797|NCBI","Aaquaticus|GALEZNE_000000_0_KR921797|NCBI","VALIDEE","2017-09-15","ASELLUS_AQUATICUS","2017-09-15","COI"
"GARDALAK","45.87374","10.86729","Aaquaticus|GARDALAK_000000_0_KR921779|NCBI","Aaquaticus|GARDALAK_000000_0_KR921779|NCBI","VALIDEE","2017-09-15","ASELLUS_AQUATICUS","2017-09-15","COI"
"GASPINO","45.911","14.241","Aaquaticus|GASPINO_000000_0_AY531822|NCBI","Aaquaticus|GASPINO_000000_0_AY531822|NCBI","VALIDEE","2017-09-15","ASELLUS_AQUATICUS","2017-09-15","COI"
"GASPINO","45.911","14.241","Aaquaticus|GASPINO_000000_0_AY531823|NCBI","Aaquaticus|GASPINO_000000_0_AY531823|NCBI","VALIDEE","2017-09-15","ASELLUS_AQUATICUS","2017-09-15","COI"
"GASPINO","45.911","14.241","Aaquaticus|GASPINO_000000_0_AY531824|NCBI","Aaquaticus|GASPINO_000000_0_AY531824|NCBI","VALIDEE","2017-09-15","ASELLUS_AQUATICUS","2017-09-15","COI"
"GASPINO","45.911","14.241","Aaquaticus|GASPINO_000000_0_AY531825|NCBI","Aaquaticus|GASPINO_000000_0_AY531825|NCBI","VALIDEE","2017-09-15","ASELLUS_AQUATICUS","2017-09-15","COI"
"GDANSK","54.32178","18.5666","Aaquaticus|GDANSK_000000_0_KR921795|NCBI","Aaquaticus|GDANSK_000000_0_KR921795|NCBI","VALIDEE","2017-09-15","ASELLUS_AQUATICUS","2017-09-15","COI"
"GENILRIV","37.1695","-4.14776","Aaquaticus|GENILRIV_000000_0_KR921750|NCBI","Aaquaticus|GENILRIV_000000_0_KR921750|NCBI","VALIDEE","2017-09-15","ASELLUS_AQUATICUS","2017-09-15","28S"
"GIOVANN","45.788333","13.595556","Aaquaticus|GIOVANN_000000_0_DQ144746|NCBI","Aaquaticus|GIOVANN_000000_0_DQ144746|NCBI","VALIDEE","2017-09-15","ASELLUS_AQUATICUS","2017-09-15","28S"
"GIOVANN","45.788333","13.595556","Aaquaticus|GIOVANN_000000_0_DQ144792|NCBI","Aaquaticus|GIOVANN_000000_0_DQ144792|NCBI","VALIDEE","2017-09-15","ASELLUS_AQUATICUS","2017-09-15","COI"
"GIOVANN","45.788333","13.595556","Aaquaticus|GIOVANN_000000_0_DQ144793|NCBI","Aaquaticus|GIOVANN_000000_0_DQ144793|NCBI","VALIDEE","2017-09-15","ASELLUS_AQUATICUS","2017-09-15","COI"
"GIOVANN","45.788333","13.595556","Aaquaticus|GIOVANN_000000_0_DQ144794|NCBI","Aaquaticus|GIOVANN_000000_0_DQ144794|NCBI","VALIDEE","2017-09-15","ASELLUS_AQUATICUS","2017-09-15","COI"
"GIOVANN","45.788333","13.595556","Aaquaticus|GIOVANN_000000_0_FJ749275|NCBI","Aaquaticus|GIOVANN_000000_0_FJ749275|NCBI","VALIDEE","2017-09-15","ASELLUS_AQUATICUS","2017-09-15","COI"
"GIOVANN","45.788333","13.595556","Aaquaticus|GIOVANN_000000_0_FJ749280|NCBI","Aaquaticus|GIOVANN_000000_0_FJ749280|NCBI","VALIDEE","2017-09-15","ASELLUS_AQUATICUS","2017-09-15","28S"
"GIOVANN","45.788333","13.595556","Aaquaticus|GIOVANN_000000_0_FJ749281|NCBI","Aaquaticus|GIOVANN_000000_0_FJ749281|NCBI","VALIDEE","2017-09-15","ASELLUS_AQUATICUS","2017-09-15","28S"
"GROBLE","50.15","19.27152","Aaquaticus|GROBLE_000000_0_KR921827|NCBI","Aaquaticus|GROBLE_000000_0_KR921827|NCBI","VALIDEE","2017-09-15","ASELLUS_AQUATICUS","2017-09-15","COI"
"HAGIENI","43.802289","28.474253","Aaquaticus|HAGIENI_000000_0_KJ676750|NCBI","Aaquaticus|HAGIENI_000000_0_KJ676750|NCBI","VALIDEE","2017-09-15","ASELLUS_AQUATICUS","2017-09-15","COI"
"HAGYMAS","47.558","20.925","Aaquaticus|HAGYMAS_000000_0_DQ144890|NCBI","Aaquaticus|HAGYMAS_000000_0_DQ144890|NCBI","VALIDEE","2017-09-15","ASELLUS_AQUATICUS","2017-09-15","COI"
"HAGYMAS","47.558","20.925","Aaquaticus|HAGYMAS_000000_0_DQ144891|NCBI","Aaquaticus|HAGYMAS_000000_0_DQ144891|NCBI","VALIDEE","2017-09-15","ASELLUS_AQUATICUS","2017-09-15","COI"
"HAGYMAS","47.558","20.925","Aaquaticus|HAGYMAS_000000_0_DQ144892|NCBI","Aaquaticus|HAGYMAS_000000_0_DQ144892|NCBI","VALIDEE","2017-09-15","ASELLUS_AQUATICUS","2017-09-15","COI"
"HAGYMAS","47.558","20.925","Aaquaticus|HAGYMAS_000000_0_DQ144893|NCBI","Aaquaticus|HAGYMAS_000000_0_DQ144893|NCBI","VALIDEE","2017-09-15","ASELLUS_AQUATICUS","2017-09-15","COI"
"HALLWILE","47.25827","8.23137","Aaquaticus|HALLWILE_000000_0_KR921839|NCBI","Aaquaticus|HALLWILE_000000_0_KR921839|NCBI","VALIDEE","2017-09-15","ASELLUS_AQUATICUS","2017-09-15","COI"
"HALLWILE","47.25827","8.23137","Aaquaticus|HALLWILE_000000_0_KR921840|NCBI","Aaquaticus|HALLWILE_000000_0_KR921840|NCBI","VALIDEE","2017-09-15","ASELLUS_AQUATICUS","2017-09-15","COI"
"HOMPS","43.267","2.719","Aaquaticus|HOMPS_000000_0_AY531783|NCBI","Aaquaticus|HOMPS_000000_0_AY531783|NCBI","VALIDEE","2017-09-15","ASELLUS_AQUATICUS","2017-09-15","COI"
"HOMPS","43.267","2.719","Aaquaticus|HOMPS_000000_0_AY531784|NCBI","Aaquaticus|HOMPS_000000_0_AY531784|NCBI","VALIDEE","2017-09-15","ASELLUS_AQUATICUS","2017-09-15","COI"
"JALTA1","44.509722","34.169167","Aaquaticus|JALTA1_000000_0_KJ676746|NCBI","Aaquaticus|JALTA1_000000_0_KJ676746|NCBI","VALIDEE","2017-09-15","ASELLUS_AQUATICUS","2017-09-15","COI"
"JALTA2","44.489722","34.143611","Aaquaticus|JALTA2_000000_0_KJ676768|NCBI","Aaquaticus|JALTA2_000000_0_KJ676768|NCBI","VALIDEE","2017-09-15","ASELLUS_AQUATICUS","2017-09-15","COI"
"JEZERAN","45.047","15.226","Aaquaticus|JEZERAN_000000_0_DQ144745|NCBI","Aaquaticus|JEZERAN_000000_0_DQ144745|NCBI","VALIDEE","2017-09-15","ASELLUS_AQUATICUS","2017-09-15","28S"
"JEZERAN","45.047","15.226","Aaquaticus|JEZERAN_000000_0_DQ144799|NCBI","Aaquaticus|JEZERAN_000000_0_DQ144799|NCBI","VALIDEE","2017-09-15","ASELLUS_AQUATICUS","2017-09-15","COI"
"JEZERAN","45.047","15.226","Aaquaticus|JEZERAN_000000_0_DQ144800|NCBI","Aaquaticus|JEZERAN_000000_0_DQ144800|NCBI","VALIDEE","2017-09-15","ASELLUS_AQUATICUS","2017-09-15","COI"
"KAPLICZN","54.11645","17.98743","Aaquaticus|KAPLICZN_000000_0_KR921798|NCBI","Aaquaticus|KAPLICZN_000000_0_KR921798|NCBI","VALIDEE","2017-09-15","ASELLUS_AQUATICUS","2017-09-15","COI"
"KARAOBAN","43.847031","28.566678","Aaquaticus|KARAOBAN_000000_0_DQ144746|NCBI","Aaquaticus|KARAOBAN_000000_0_DQ144746|NCBI","VALIDEE","2017-09-15","ASELLUS_AQUATICUS","2017-09-15","28S"
"KARAOBAN","43.847031","28.566678","Aaquaticus|KARAOBAN_000000_0_KJ676751|NCBI","Aaquaticus|KARAOBAN_000000_0_KJ676751|NCBI","VALIDEE","2017-09-15","ASELLUS_AQUATICUS","2017-09-15","COI"
"KARAOBAN","43.847031","28.566678","Aaquaticus|KARAOBAN_000000_0_KJ676752|NCBI","Aaquaticus|KARAOBAN_000000_0_KJ676752|NCBI","VALIDEE","2017-09-15","ASELLUS_AQUATICUS","2017-09-15","COI"
"KARAOBAN","43.847031","28.566678","Aaquaticus|KARAOBAN_000000_0_KJ676753|NCBI","Aaquaticus|KARAOBAN_000000_0_KJ676753|NCBI","VALIDEE","2017-09-15","ASELLUS_AQUATICUS","2017-09-15","COI"
"KARAOBAN","43.847031","28.566678","Aaquaticus|KARAOBAN_000000_0_KJ676754|NCBI","Aaquaticus|KARAOBAN_000000_0_KJ676754|NCBI","VALIDEE","2017-09-15","ASELLUS_AQUATICUS","2017-09-15","COI"
"KASSEL","51.305","9.457","Aaquaticus|KASSEL_000000_0_AY531783|NCBI","Aaquaticus|KASSEL_000000_0_AY531783|NCBI","VALIDEE","2017-09-15","ASELLUS_AQUATICUS","2017-09-15","COI"
"KASSEL","51.305","9.457","Aaquaticus|KASSEL_000000_0_AY531784|NCBI","Aaquaticus|KASSEL_000000_0_AY531784|NCBI","VALIDEE","2017-09-15","ASELLUS_AQUATICUS","2017-09-15","COI"
"KASSEL","51.305","9.457","Aaquaticus|KASSEL_000000_0_DQ144746|NCBI","Aaquaticus|KASSEL_000000_0_DQ144746|NCBI","VALIDEE","2017-09-15","ASELLUS_AQUATICUS","2017-09-15","28S"
"KASTORI","40.516","21.254","Aaquaticus|KASTORI_000000_0_DQ144855|NCBI","Aaquaticus|KASTORI_000000_0_DQ144855|NCBI","VALIDEE","2017-09-15","ASELLUS_AQUATICUS","2017-09-15","COI"
"KASTORI","40.516","21.254","Aaquaticus|KASTORI_000000_0_DQ144856|NCBI","Aaquaticus|KASTORI_000000_0_DQ144856|NCBI","VALIDEE","2017-09-15","ASELLUS_AQUATICUS","2017-09-15","COI"
"KAVARKRI","40.77218","27.05895","Aaquaticus|KAVARKRI_000000_0_KR921844|NCBI","Aaquaticus|KAVARKRI_000000_0_KR921844|NCBI","VALIDEE","2017-09-15","ASELLUS_AQUATICUS","2017-09-15","COI"
"KEILARIV","59.12822","24.79094","Aaquaticus|KEILARIV_000000_0_KR921767|NCBI","Aaquaticus|KEILARIV_000000_0_KR921767|NCBI","VALIDEE","2017-09-15","ASELLUS_AQUATICUS","2017-09-15","COI"
"KEILARIV","59.12822","24.79094","Aaquaticus|KEILARIV_000000_0_KR921768|NCBI","Aaquaticus|KEILARIV_000000_0_KR921768|NCBI","VALIDEE","2017-09-15","ASELLUS_AQUATICUS","2017-09-15","COI"
"KEILARIV","59.12822","24.79094","Aaquaticus|KEILARIV_000000_0_KR921769|NCBI","Aaquaticus|KEILARIV_000000_0_KR921769|NCBI","VALIDEE","2017-09-15","ASELLUS_AQUATICUS","2017-09-15","COI"
"KHARKIV","50.039","36.162","Aaquaticus|KHARKIV_000000_0_DQ144738|NCBI","Aaquaticus|KHARKIV_000000_0_DQ144738|NCBI","VALIDEE","2017-09-15","ASELLUS_AQUATICUS","2017-09-15","28S"
"KHARKIV","50.039","36.162","Aaquaticus|KHARKIV_000000_0_DQ144823|NCBI","Aaquaticus|KHARKIV_000000_0_DQ144823|NCBI","VALIDEE","2017-09-15","ASELLUS_AQUATICUS","2017-09-15","COI"
"KHARKIV","50.039","36.162","Aaquaticus|KHARKIV_000000_0_DQ144824|NCBI","Aaquaticus|KHARKIV_000000_0_DQ144824|NCBI","VALIDEE","2017-09-15","ASELLUS_AQUATICUS","2017-09-15","COI"
"KHARKIV","50.039","36.162","Aaquaticus|KHARKIV_000000_0_DQ144825|NCBI","Aaquaticus|KHARKIV_000000_0_DQ144825|NCBI","VALIDEE","2017-09-15","ASELLUS_AQUATICUS","2017-09-15","COI"
"KHARKIV","50.039","36.162","Aaquaticus|KHARKIV_000000_0_DQ144826|NCBI","Aaquaticus|KHARKIV_000000_0_DQ144826|NCBI","VALIDEE","2017-09-15","ASELLUS_AQUATICUS","2017-09-15","COI"
"KIEVSKY","51.06757","30.39074","Aaquaticus|KIEVSKY_000000_0_KR921851|NCBI","Aaquaticus|KIEVSKY_000000_0_KR921851|NCBI","VALIDEE","2017-09-15","ASELLUS_AQUATICUS","2017-09-15","COI"
"KIEVSKY","51.06757","30.39074","Aaquaticus|KIEVSKY_000000_0_KR921852|NCBI","Aaquaticus|KIEVSKY_000000_0_KR921852|NCBI","VALIDEE","2017-09-15","ASELLUS_AQUATICUS","2017-09-15","COI"
"KNUTERSS","60.33194","25.23333","Aaquaticus|KNUTERSS_000000_0_KR921773|NCBI","Aaquaticus|KNUTERSS_000000_0_KR921773|NCBI","VALIDEE","2017-09-15","ASELLUS_AQUATICUS","2017-09-15","COI"
"KOCEVJE1","45.639","14.863","Aaquaticus|KOCEVJE1_000000_0_AY531769|NCBI","Aaquaticus|KOCEVJE1_000000_0_AY531769|NCBI","VALIDEE","2017-09-15","ASELLUS_AQUATICUS","2017-09-15","COI"
"KOCEVJE1","45.639","14.863","Aaquaticus|KOCEVJE1_000000_0_AY531770|NCBI","Aaquaticus|KOCEVJE1_000000_0_AY531770|NCBI","VALIDEE","2017-09-15","ASELLUS_AQUATICUS","2017-09-15","COI"
"KOCEVJE1","45.639","14.863","Aaquaticus|KOCEVJE1_000000_0_AY531771|NCBI","Aaquaticus|KOCEVJE1_000000_0_AY531771|NCBI","VALIDEE","2017-09-15","ASELLUS_AQUATICUS","2017-09-15","COI"
"KOCEVJE2","45.639","14.863","Aaquaticus|KOCEVJE2_000000_0_AY531772|NCBI","Aaquaticus|KOCEVJE2_000000_0_AY531772|NCBI","VALIDEE","2017-09-15","ASELLUS_AQUATICUS","2017-09-15","COI"
"KOCEVJE2","45.639","14.863","Aaquaticus|KOCEVJE2_000000_0_AY531773|NCBI","Aaquaticus|KOCEVJE2_000000_0_AY531773|NCBI","VALIDEE","2017-09-15","ASELLUS_AQUATICUS","2017-09-15","COI"
"KOCEVJE2","45.639","14.863","Aaquaticus|KOCEVJE2_000000_0_AY531774|NCBI","Aaquaticus|KOCEVJE2_000000_0_AY531774|NCBI","VALIDEE","2017-09-15","ASELLUS_AQUATICUS","2017-09-15","COI"
"KONKARIV","47.69575","35.5792","Aaquaticus|KONKARIV_000000_0_KR921852|NCBI","Aaquaticus|KONKARIV_000000_0_KR921852|NCBI","VALIDEE","2017-09-15","ASELLUS_AQUATICUS","2017-09-15","COI"
"KOPALINO","54.79603","17.83818","Aaquaticus|KOPALINO_000000_0_KR921751|NCBI","Aaquaticus|KOPALINO_000000_0_KR921751|NCBI","VALIDEE","2017-09-15","ASELLUS_AQUATICUS","2017-09-15","28S"
"KOROSTIA","51.2515","25.9469","Aaquaticus|KOROSTIA_000000_0_KR921849|NCBI","Aaquaticus|KOROSTIA_000000_0_KR921849|NCBI","VALIDEE","2017-09-15","ASELLUS_AQUATICUS","2017-09-15","COI"
"KOZJAK","41.059","21.041","Aaquaticus|KOZJAK_000000_0_DQ144749|NCBI","Aaquaticus|KOZJAK_000000_0_DQ144749|NCBI","VALIDEE","2017-09-15","ASELLUS_AQUATICUS","2017-09-15","28S"
"KOZJAK","41.059","21.041","Aaquaticus|KOZJAK_000000_0_DQ144870|NCBI","Aaquaticus|KOZJAK_000000_0_DQ144870|NCBI","VALIDEE","2017-09-15","ASELLUS_AQUATICUS","2017-09-15","COI"
"KOZJAK","41.059","21.041","Aaquaticus|KOZJAK_000000_0_DQ144871|NCBI","Aaquaticus|KOZJAK_000000_0_DQ144871|NCBI","VALIDEE","2017-09-15","ASELLUS_AQUATICUS","2017-09-15","COI"
"KRANKESC","55.695","13.407","Aaquaticus|KRANKESC_000000_0_FJ799995|NCBI","Aaquaticus|KRANKESC_000000_0_FJ799995|NCBI","VALIDEE","2017-09-15","ASELLUS_AQUATICUS","2017-09-15","COI"
"KRANKESC","55.695","13.407","Aaquaticus|KRANKESC_000000_0_FJ799996|NCBI","Aaquaticus|KRANKESC_000000_0_FJ799996|NCBI","VALIDEE","2017-09-15","ASELLUS_AQUATICUS","2017-09-15","COI"
"KRANKESC","55.695","13.407","Aaquaticus|KRANKESC_000000_0_FJ799997|NCBI","Aaquaticus|KRANKESC_000000_0_FJ799997|NCBI","VALIDEE","2017-09-15","ASELLUS_AQUATICUS","2017-09-15","COI"
"KRANKESC","55.695","13.407","Aaquaticus|KRANKESC_000000_0_FJ799998|NCBI","Aaquaticus|KRANKESC_000000_0_FJ799998|NCBI","VALIDEE","2017-09-15","ASELLUS_AQUATICUS","2017-09-15","COI"
"KRANKESC","55.695","13.407","Aaquaticus|KRANKESC_000000_0_FJ799999|NCBI","Aaquaticus|KRANKESC_000000_0_FJ799999|NCBI","VALIDEE","2017-09-15","ASELLUS_AQUATICUS","2017-09-15","COI"
"KRANKESC","55.695","13.407","Aaquaticus|KRANKESC_000000_0_FJ800000|NCBI","Aaquaticus|KRANKESC_000000_0_FJ800000|NCBI","VALIDEE","2017-09-15","ASELLUS_AQUATICUS","2017-09-15","COI"
"KRANKESC","55.695","13.407","Aaquaticus|KRANKESC_000000_0_FJ800001|NCBI","Aaquaticus|KRANKESC_000000_0_FJ800001|NCBI","VALIDEE","2017-09-15","ASELLUS_AQUATICUS","2017-09-15","COI"
"KRANKESC","55.695","13.407","Aaquaticus|KRANKESC_000000_0_FJ800002|NCBI","Aaquaticus|KRANKESC_000000_0_FJ800002|NCBI","VALIDEE","2017-09-15","ASELLUS_AQUATICUS","2017-09-15","COI"
"KRANKESR","55.695","13.407","Aaquaticus|KRANKESR_000000_0_FJ799997|NCBI","Aaquaticus|KRANKESR_000000_0_FJ799997|NCBI","VALIDEE","2017-09-15","ASELLUS_AQUATICUS","2017-09-15","COI"
"KRANKESR","55.695","13.407","Aaquaticus|KRANKESR_000000_0_FJ800003|NCBI","Aaquaticus|KRANKESR_000000_0_FJ800003|NCBI","VALIDEE","2017-09-15","ASELLUS_AQUATICUS","2017-09-15","COI"
"KRANKESR","55.695","13.407","Aaquaticus|KRANKESR_000000_0_FJ800004|NCBI","Aaquaticus|KRANKESR_000000_0_FJ800004|NCBI","VALIDEE","2017-09-15","ASELLUS_AQUATICUS","2017-09-15","COI"
"KRANKESR","55.695","13.407","Aaquaticus|KRANKESR_000000_0_FJ800005|NCBI","Aaquaticus|KRANKESR_000000_0_FJ800005|NCBI","VALIDEE","2017-09-15","ASELLUS_AQUATICUS","2017-09-15","COI"
"KRKA","45.823","15.193","Aaquaticus|KRKA_000000_0_AY531785|NCBI","Aaquaticus|KRKA_000000_0_AY531785|NCBI","VALIDEE","2017-09-15","ASELLUS_AQUATICUS","2017-09-15","COI"
"KRKA","45.823","15.193","Aaquaticus|KRKA_000000_0_AY531786|NCBI","Aaquaticus|KRKA_000000_0_AY531786|NCBI","VALIDEE","2017-09-15","ASELLUS_AQUATICUS","2017-09-15","COI"
"KRKA","45.823","15.193","Aaquaticus|KRKA_000000_0_DQ144741|NCBI","Aaquaticus|KRKA_000000_0_DQ144741|NCBI","VALIDEE","2017-09-15","ASELLUS_AQUATICUS","2017-09-15","28S"
"KRSKA","45.89","14.776","Aaquaticus|KRSKA_000000_0_AY531821|NCBI","Aaquaticus|KRSKA_000000_0_AY531821|NCBI","VALIDEE","2017-09-15","ASELLUS_AQUATICUS","2017-09-15","COI"
"KULLAVER","58.82635","26.66139","Aaquaticus|KULLAVER_000000_0_KR921764|NCBI","Aaquaticus|KULLAVER_000000_0_KR921764|NCBI","VALIDEE","2017-09-15","ASELLUS_AQUATICUS","2017-09-15","COI"
"KULLAVER","58.82635","26.66139","Aaquaticus|KULLAVER_000000_0_KR921765|NCBI","Aaquaticus|KULLAVER_000000_0_KR921765|NCBI","VALIDEE","2017-09-15","ASELLUS_AQUATICUS","2017-09-15","COI"
"KULLAVER","58.82635","26.66139","Aaquaticus|KULLAVER_000000_0_KR921766|NCBI","Aaquaticus|KULLAVER_000000_0_KR921766|NCBI","VALIDEE","2017-09-15","ASELLUS_AQUATICUS","2017-09-15","COI"
"KVETCHA","54.70102","28.3016","Aaquaticus|KVETCHA_000000_0_KR921758|NCBI","Aaquaticus|KVETCHA_000000_0_KR921758|NCBI","VALIDEE","2017-09-15","ASELLUS_AQUATICUS","2017-09-15","COI"
"KVETCHA","54.70102","28.3016","Aaquaticus|KVETCHA_000000_0_KR921760|NCBI","Aaquaticus|KVETCHA_000000_0_KR921760|NCBI","VALIDEE","2017-09-15","ASELLUS_AQUATICUS","2017-09-15","COI"
"LACUPITE","57.0566","23.31405","Aaquaticus|LACUPITE_000000_0_KR921780|NCBI","Aaquaticus|LACUPITE_000000_0_KR921780|NCBI","VALIDEE","2017-09-15","ASELLUS_AQUATICUS","2017-09-15","COI"
"LECAVARI","56.50684","24.39795","Aaquaticus|LECAVARI_000000_0_KR921783|NCBI","Aaquaticus|LECAVARI_000000_0_KR921783|NCBI","VALIDEE","2017-09-15","ASELLUS_AQUATICUS","2017-09-15","COI"
"LECAVARI","56.50684","24.39795","Aaquaticus|LECAVARI_000000_0_KR921784|NCBI","Aaquaticus|LECAVARI_000000_0_KR921784|NCBI","VALIDEE","2017-09-15","ASELLUS_AQUATICUS","2017-09-15","COI"
"LIMANUSP","43.812436","28.517094","Aaquaticus|LIMANUSP_000000_0_KJ676729|NCBI","Aaquaticus|LIMANUSP_000000_0_KJ676729|NCBI","VALIDEE","2017-09-15","ASELLUS_AQUATICUS","2017-09-15","28S"
"LIMANUSP","43.812436","28.517094","Aaquaticus|LIMANUSP_000000_0_KJ676757|NCBI","Aaquaticus|LIMANUSP_000000_0_KJ676757|NCBI","VALIDEE","2017-09-15","ASELLUS_AQUATICUS","2017-09-15","COI"
"LIMANUSP","43.812436","28.517094","Aaquaticus|LIMANUSP_000000_0_KJ676758|NCBI","Aaquaticus|LIMANUSP_000000_0_KJ676758|NCBI","VALIDEE","2017-09-15","ASELLUS_AQUATICUS","2017-09-15","COI"
"LIMANUSP","43.812436","28.517094","Aaquaticus|LIMANUSP_000000_0_KJ676759|NCBI","Aaquaticus|LIMANUSP_000000_0_KJ676759|NCBI","VALIDEE","2017-09-15","ASELLUS_AQUATICUS","2017-09-15","COI"
"LIMANUWE","43.801389","28.535833","Aaquaticus|LIMANUWE_000000_0_DQ144746|NCBI","Aaquaticus|LIMANUWE_000000_0_DQ144746|NCBI","VALIDEE","2017-09-15","ASELLUS_AQUATICUS","2017-09-15","28S"
"LIMANUWE","43.801389","28.535833","Aaquaticus|LIMANUWE_000000_0_KJ676755|NCBI","Aaquaticus|LIMANUWE_000000_0_KJ676755|NCBI","VALIDEE","2017-09-15","ASELLUS_AQUATICUS","2017-09-15","COI"
"LONJICA","45.858","16.341","Aaquaticus|LONJICA_000000_0_DQ144748|NCBI","Aaquaticus|LONJICA_000000_0_DQ144748|NCBI","VALIDEE","2017-09-15","ASELLUS_AQUATICUS","2017-09-15","28S"
"LONJICA","45.858","16.341","Aaquaticus|LONJICA_000000_0_DQ144835|NCBI","Aaquaticus|LONJICA_000000_0_DQ144835|NCBI","VALIDEE","2017-09-15","ASELLUS_AQUATICUS","2017-09-15","COI"
"LONJICA","45.858","16.341","Aaquaticus|LONJICA_000000_0_DQ144836|NCBI","Aaquaticus|LONJICA_000000_0_DQ144836|NCBI","VALIDEE","2017-09-15","ASELLUS_AQUATICUS","2017-09-15","COI"
"LONJICA","45.858","16.341","Aaquaticus|LONJICA_000000_0_DQ144837|NCBI","Aaquaticus|LONJICA_000000_0_DQ144837|NCBI","VALIDEE","2017-09-15","ASELLUS_AQUATICUS","2017-09-15","COI"
"LUCKAJA1","45.951","14.758","Aaquaticus|LUCKAJA1_000000_0_AY531787|NCBI","Aaquaticus|LUCKAJA1_000000_0_AY531787|NCBI","VALIDEE","2017-09-15","ASELLUS_AQUATICUS","2017-09-15","COI"
"LUCKAJA1","45.951","14.758","Aaquaticus|LUCKAJA1_000000_0_AY531788|NCBI","Aaquaticus|LUCKAJA1_000000_0_AY531788|NCBI","VALIDEE","2017-09-15","ASELLUS_AQUATICUS","2017-09-15","COI"
"LUCKAJA1","45.951","14.758","Aaquaticus|LUCKAJA1_000000_0_AY531789|NCBI","Aaquaticus|LUCKAJA1_000000_0_AY531789|NCBI","VALIDEE","2017-09-15","ASELLUS_AQUATICUS","2017-09-15","COI"
"LUCKAJA1","45.951","14.758","Aaquaticus|LUCKAJA1_000000_0_AY531790|NCBI","Aaquaticus|LUCKAJA1_000000_0_AY531790|NCBI","VALIDEE","2017-09-15","ASELLUS_AQUATICUS","2017-09-15","COI"
"MALECKA","46.311","16.477","Aaquaticus|MALECKA_000000_0_DQ144746|NCBI","Aaquaticus|MALECKA_000000_0_DQ144746|NCBI","VALIDEE","2017-09-15","ASELLUS_AQUATICUS","2017-09-15","28S"
"MALECKA","46.311","16.477","Aaquaticus|MALECKA_000000_0_DQ144843|NCBI","Aaquaticus|MALECKA_000000_0_DQ144843|NCBI","VALIDEE","2017-09-15","ASELLUS_AQUATICUS","2017-09-15","COI"
"MALECKA","46.311","16.477","Aaquaticus|MALECKA_000000_0_DQ144846|NCBI","Aaquaticus|MALECKA_000000_0_DQ144846|NCBI","VALIDEE","2017-09-15","ASELLUS_AQUATICUS","2017-09-15","COI"
"MALECKA","46.311","16.477","Aaquaticus|MALECKA_000000_0_DQ144847|NCBI","Aaquaticus|MALECKA_000000_0_DQ144847|NCBI","VALIDEE","2017-09-15","ASELLUS_AQUATICUS","2017-09-15","COI"
"MALECKA","46.311","16.477","Aaquaticus|MALECKA_000000_0_DQ144849|NCBI","Aaquaticus|MALECKA_000000_0_DQ144849|NCBI","VALIDEE","2017-09-15","ASELLUS_AQUATICUS","2017-09-15","COI"
"MALECKA","46.311","16.477","Aaquaticus|MALECKA_000000_0_DQ144850|NCBI","Aaquaticus|MALECKA_000000_0_DQ144850|NCBI","VALIDEE","2017-09-15","ASELLUS_AQUATICUS","2017-09-15","COI"
"MALECKA","46.311","16.477","Aaquaticus|MALECKA_000000_0_DQ144864|NCBI","Aaquaticus|MALECKA_000000_0_DQ144864|NCBI","VALIDEE","2017-09-15","ASELLUS_AQUATICUS","2017-09-15","COI"
"MALINOWK","53.90005","22.28333","Aaquaticus|MALINOWK_000000_0_KR921802|NCBI","Aaquaticus|MALINOWK_000000_0_KR921802|NCBI","VALIDEE","2017-09-15","ASELLUS_AQUATICUS","2017-09-15","COI"
"MALINOWK","53.90005","22.28333","Aaquaticus|MALINOWK_000000_0_KR921803|NCBI","Aaquaticus|MALINOWK_000000_0_KR921803|NCBI","VALIDEE","2017-09-15","ASELLUS_AQUATICUS","2017-09-15","COI"
"MALINOWK","53.90005","22.28333","Aaquaticus|MALINOWK_000000_0_KR921804|NCBI","Aaquaticus|MALINOWK_000000_0_KR921804|NCBI","VALIDEE","2017-09-15","ASELLUS_AQUATICUS","2017-09-15","COI"
"MALOOKE","45.951","14.299","Aaquaticus|MALOOKE_000000_0_AY531825|NCBI","Aaquaticus|MALOOKE_000000_0_AY531825|NCBI","VALIDEE","2017-09-15","ASELLUS_AQUATICUS","2017-09-15","COI"
"MALOOKE","45.951","14.299","Aaquaticus|MALOOKE_000000_0_AY531826|NCBI","Aaquaticus|MALOOKE_000000_0_AY531826|NCBI","VALIDEE","2017-09-15","ASELLUS_AQUATICUS","2017-09-15","COI"
"MALOOKE","45.951","14.299","Aaquaticus|MALOOKE_000000_0_AY531827|NCBI","Aaquaticus|MALOOKE_000000_0_AY531827|NCBI","VALIDEE","2017-09-15","ASELLUS_AQUATICUS","2017-09-15","COI"
"MALOOKE","45.951","14.299","Aaquaticus|MALOOKE_000000_0_AY531828|NCBI","Aaquaticus|MALOOKE_000000_0_AY531828|NCBI","VALIDEE","2017-09-15","ASELLUS_AQUATICUS","2017-09-15","COI"
"MALOOKE","45.951","14.299","Aaquaticus|MALOOKE_000000_0_DQ144742|NCBI","Aaquaticus|MALOOKE_000000_0_DQ144742|NCBI","VALIDEE","2017-09-15","ASELLUS_AQUATICUS","2017-09-15","28S"
"MANGALIA","43.819914","28.490906","Aaquaticus|MANGALIA_000000_0_DQ144746|NCBI","Aaquaticus|MANGALIA_000000_0_DQ144746|NCBI","VALIDEE","2017-09-15","ASELLUS_AQUATICUS","2017-09-15","28S"
"MANGALIA","43.819914","28.490906","Aaquaticus|MANGALIA_000000_0_KJ676747|NCBI","Aaquaticus|MANGALIA_000000_0_KJ676747|NCBI","VALIDEE","2017-09-15","ASELLUS_AQUATICUS","2017-09-15","COI"
"MANGALIA","43.819914","28.490906","Aaquaticus|MANGALIA_000000_0_KJ676748|NCBI","Aaquaticus|MANGALIA_000000_0_KJ676748|NCBI","VALIDEE","2017-09-15","ASELLUS_AQUATICUS","2017-09-15","COI"
"MANGALIA","43.819914","28.490906","Aaquaticus|MANGALIA_000000_0_KJ676749|NCBI","Aaquaticus|MANGALIA_000000_0_KJ676749|NCBI","VALIDEE","2017-09-15","ASELLUS_AQUATICUS","2017-09-15","COI"
"MARZEWO","53.98024","19.69341","Aaquaticus|MARZEWO_000000_0_KR921800|NCBI","Aaquaticus|MARZEWO_000000_0_KR921800|NCBI","VALIDEE","2017-09-15","ASELLUS_AQUATICUS","2017-09-15","COI"
"MARZEWO","53.98024","19.69341","Aaquaticus|MARZEWO_000000_0_KR921801|NCBI","Aaquaticus|MARZEWO_000000_0_KR921801|NCBI","VALIDEE","2017-09-15","ASELLUS_AQUATICUS","2017-09-15","COI"
"MATELIC","43.255","13.012","Aaquaticus|MATELIC_000000_0_DQ144746|NCBI","Aaquaticus|MATELIC_000000_0_DQ144746|NCBI","VALIDEE","2017-09-15","ASELLUS_AQUATICUS","2017-09-15","28S"
"MATELIC","43.255","13.012","Aaquaticus|MATELIC_000000_0_DQ144851|NCBI","Aaquaticus|MATELIC_000000_0_DQ144851|NCBI","VALIDEE","2017-09-15","ASELLUS_AQUATICUS","2017-09-15","COI"
"MATELIC","43.255","13.012","Aaquaticus|MATELIC_000000_0_DQ144852|NCBI","Aaquaticus|MATELIC_000000_0_DQ144852|NCBI","VALIDEE","2017-09-15","ASELLUS_AQUATICUS","2017-09-15","COI"
"MATELIC","43.255","13.012","Aaquaticus|MATELIC_000000_0_DQ144863|NCBI","Aaquaticus|MATELIC_000000_0_DQ144863|NCBI","VALIDEE","2017-09-15","ASELLUS_AQUATICUS","2017-09-15","COI"
"MATELIC","43.255","13.012","Aaquaticus|MATELIC_000000_0_DQ144887|NCBI","Aaquaticus|MATELIC_000000_0_DQ144887|NCBI","VALIDEE","2017-09-15","ASELLUS_AQUATICUS","2017-09-15","COI"
"MATELIC","43.255","13.012","Aaquaticus|MATELIC_000000_0_DQ144888|NCBI","Aaquaticus|MATELIC_000000_0_DQ144888|NCBI","VALIDEE","2017-09-15","ASELLUS_AQUATICUS","2017-09-15","COI"
"MOVILE","43.826753","28.562125","Aaquaticus|MOVILE_000000_0_KJ676728|NCBI","Aaquaticus|MOVILE_000000_0_KJ676728|NCBI","VALIDEE","2017-09-15","ASELLUS_AQUATICUS","2017-09-15","28S"
"MOVILE","43.826753","28.562125","Aaquaticus|MOVILE_000000_0_KJ676756|NCBI","Aaquaticus|MOVILE_000000_0_KJ676756|NCBI","VALIDEE","2017-09-15","ASELLUS_AQUATICUS","2017-09-15","COI"
"MURIGHIA","45.172778","28.804444","Aaquaticus|MURIGHIA_000000_0_KJ676760|NCBI","Aaquaticus|MURIGHIA_000000_0_KJ676760|NCBI","VALIDEE","2017-09-15","ASELLUS_AQUATICUS","2017-09-15","COI"
"MURIGHIA","45.172778","28.804444","Aaquaticus|MURIGHIA_000000_0_KJ676761|NCBI","Aaquaticus|MURIGHIA_000000_0_KJ676761|NCBI","VALIDEE","2017-09-15","ASELLUS_AQUATICUS","2017-09-15","COI"
"MURIGHIA","45.172778","28.804444","Aaquaticus|MURIGHIA_000000_0_KJ676762|NCBI","Aaquaticus|MURIGHIA_000000_0_KJ676762|NCBI","VALIDEE","2017-09-15","ASELLUS_AQUATICUS","2017-09-15","COI"
"MURIGHIA","45.172778","28.804444","Aaquaticus|MURIGHIA_000000_0_KJ676769|NCBI","Aaquaticus|MURIGHIA_000000_0_KJ676769|NCBI","VALIDEE","2017-09-15","ASELLUS_AQUATICUS","2017-09-15","COI"
"MURIGHIA","45.172778","28.804444","Aaquaticus|MURIGHIA_000000_0_KJ676770|NCBI","Aaquaticus|MURIGHIA_000000_0_KJ676770|NCBI","VALIDEE","2017-09-15","ASELLUS_AQUATICUS","2017-09-15","COI"
"MURTENLA","46.92455","7.03743","Aaquaticus|MURTENLA_000000_0_KR921838|NCBI","Aaquaticus|MURTENLA_000000_0_KR921838|NCBI","VALIDEE","2017-09-15","ASELLUS_AQUATICUS","2017-09-15","COI"
"NAJDENA","45.869","14.255","Aaquaticus|NAJDENA_000000_0_AY531824|NCBI","Aaquaticus|NAJDENA_000000_0_AY531824|NCBI","VALIDEE","2017-09-15","ASELLUS_AQUATICUS","2017-09-15","COI"
"NAUMOHRI","40.910278","20.747777","Aaquaticus|NAUMOHRI_000000_0_DQ144872|NCBI","Aaquaticus|NAUMOHRI_000000_0_DQ144872|NCBI","VALIDEE","2017-09-15","ASELLUS_AQUATICUS","2017-09-15","COI"
"NAUMOHRI","40.910278","20.747777","Aaquaticus|NAUMOHRI_000000_0_DQ144873|NCBI","Aaquaticus|NAUMOHRI_000000_0_DQ144873|NCBI","VALIDEE","2017-09-15","ASELLUS_AQUATICUS","2017-09-15","COI"
"NAUMOHRI","40.910278","20.747777","Aaquaticus|NAUMOHRI_000000_0_DQ144874|NCBI","Aaquaticus|NAUMOHRI_000000_0_DQ144874|NCBI","VALIDEE","2017-09-15","ASELLUS_AQUATICUS","2017-09-15","COI"
"NAUMSVOH","40.91369","20.74196","Aaquaticus|NAUMSVOH_000000_0_KR921790|NCBI","Aaquaticus|NAUMSVOH_000000_0_KR921790|NCBI","VALIDEE","2017-09-15","ASELLUS_AQUATICUS","2017-09-15","COI"
"NAWOJOWA","49.5601","20.74428","Aaquaticus|NAWOJOWA_000000_0_KR921827|NCBI","Aaquaticus|NAWOJOWA_000000_0_KR921827|NCBI","VALIDEE","2017-09-15","ASELLUS_AQUATICUS","2017-09-15","COI"
"NESTOS","41.001","24.724","Aaquaticus|NESTOS_000000_0_DQ144746|NCBI","Aaquaticus|NESTOS_000000_0_DQ144746|NCBI","VALIDEE","2017-09-15","ASELLUS_AQUATICUS","2017-09-15","28S"
"NESTOS","41.001","24.724","Aaquaticus|NESTOS_000000_0_DQ144866|NCBI","Aaquaticus|NESTOS_000000_0_DQ144866|NCBI","VALIDEE","2017-09-15","ASELLUS_AQUATICUS","2017-09-15","COI"
"NESTOS","41.001","24.724","Aaquaticus|NESTOS_000000_0_DQ144867|NCBI","Aaquaticus|NESTOS_000000_0_DQ144867|NCBI","VALIDEE","2017-09-15","ASELLUS_AQUATICUS","2017-09-15","COI"
"NESTOS","41.001","24.724","Aaquaticus|NESTOS_000000_0_DQ144868|NCBI","Aaquaticus|NESTOS_000000_0_DQ144868|NCBI","VALIDEE","2017-09-15","ASELLUS_AQUATICUS","2017-09-15","COI"
"NETOIROM","43.819636","28.570181","Aaquaticus|NETOIROM_000000_0_DQ144746|NCBI","Aaquaticus|NETOIROM_000000_0_DQ144746|NCBI","VALIDEE","2017-09-15","ASELLUS_AQUATICUS","2017-09-15","28S"
"NETOIROM","43.819636","28.570181","Aaquaticus|NETOIROM_000000_0_KJ676728|NCBI","Aaquaticus|NETOIROM_000000_0_KJ676728|NCBI","VALIDEE","2017-09-15","ASELLUS_AQUATICUS","2017-09-15","28S"
"NETOIROM","43.819636","28.570181","Aaquaticus|NETOIROM_000000_0_KJ676763|NCBI","Aaquaticus|NETOIROM_000000_0_KJ676763|NCBI","VALIDEE","2017-09-15","ASELLUS_AQUATICUS","2017-09-15","COI"
"NETOIROM","43.819636","28.570181","Aaquaticus|NETOIROM_000000_0_KJ676764|NCBI","Aaquaticus|NETOIROM_000000_0_KJ676764|NCBI","VALIDEE","2017-09-15","ASELLUS_AQUATICUS","2017-09-15","COI"
"NEUVILL","45.867","4.842","Aaquaticus|NEUVILL_000000_0_AY531784|NCBI","Aaquaticus|NEUVILL_000000_0_AY531784|NCBI","VALIDEE","2017-09-15","ASELLUS_AQUATICUS","2017-09-15","COI"
"NEUVILL","45.867","4.842","Aaquaticus|NEUVILL_000000_0_DQ144746|NCBI","Aaquaticus|NEUVILL_000000_0_DQ144746|NCBI","VALIDEE","2017-09-15","ASELLUS_AQUATICUS","2017-09-15","28S"
"NEUVILL","45.867","4.842","Aaquaticus|NEUVILL_000000_0_DQ144833|NCBI","Aaquaticus|NEUVILL_000000_0_DQ144833|NCBI","VALIDEE","2017-09-15","ASELLUS_AQUATICUS","2017-09-15","COI"
"NEUVILL","45.867","4.842","Aaquaticus|NEUVILL_000000_0_DQ144834|NCBI","Aaquaticus|NEUVILL_000000_0_DQ144834|NCBI","VALIDEE","2017-09-15","ASELLUS_AQUATICUS","2017-09-15","COI"
"NIZINYST","50.505","21.07167","Aaquaticus|NIZINYST_000000_0_KR921828|NCBI","Aaquaticus|NIZINYST_000000_0_KR921828|NCBI","VALIDEE","2017-09-15","ASELLUS_AQUATICUS","2017-09-15","COI"
"NIZINYST","50.505","21.07167","Aaquaticus|NIZINYST_000000_0_KR921829|NCBI","Aaquaticus|NIZINYST_000000_0_KR921829|NCBI","VALIDEE","2017-09-15","ASELLUS_AQUATICUS","2017-09-15","COI"
"NIZINYST","50.505","21.07167","Aaquaticus|NIZINYST_000000_0_KR921830|NCBI","Aaquaticus|NIZINYST_000000_0_KR921830|NCBI","VALIDEE","2017-09-15","ASELLUS_AQUATICUS","2017-09-15","COI"
"NIZINYST","50.505","21.07167","Aaquaticus|NIZINYST_000000_0_KR921831|NCBI","Aaquaticus|NIZINYST_000000_0_KR921831|NCBI","VALIDEE","2017-09-15","ASELLUS_AQUATICUS","2017-09-15","COI"
"NOVOMEST","45.796","15.091","Aaquaticus|NOVOMEST_000000_0_AY531786|NCBI","Aaquaticus|NOVOMEST_000000_0_AY531786|NCBI","VALIDEE","2017-09-15","ASELLUS_AQUATICUS","2017-09-15","COI"
"NYEKI","46.201","18.86","Aaquaticus|NYEKI_000000_0_AY531783|NCBI","Aaquaticus|NYEKI_000000_0_AY531783|NCBI","VALIDEE","2017-09-15","ASELLUS_AQUATICUS","2017-09-15","COI"
"NYEKI","46.201","18.86","Aaquaticus|NYEKI_000000_0_DQ144810|NCBI","Aaquaticus|NYEKI_000000_0_DQ144810|NCBI","VALIDEE","2017-09-15","ASELLUS_AQUATICUS","2017-09-15","COI"
"NYEKI","46.201","18.86","Aaquaticus|NYEKI_000000_0_DQ144811|NCBI","Aaquaticus|NYEKI_000000_0_DQ144811|NCBI","VALIDEE","2017-09-15","ASELLUS_AQUATICUS","2017-09-15","COI"
"NYEKI","46.201","18.86","Aaquaticus|NYEKI_000000_0_DQ144812|NCBI","Aaquaticus|NYEKI_000000_0_DQ144812|NCBI","VALIDEE","2017-09-15","ASELLUS_AQUATICUS","2017-09-15","COI"
"NYEKI","46.201","18.86","Aaquaticus|NYEKI_000000_0_DQ144813|NCBI","Aaquaticus|NYEKI_000000_0_DQ144813|NCBI","VALIDEE","2017-09-15","ASELLUS_AQUATICUS","2017-09-15","COI"
"ODERBRO","52.05091","15.42514","Aaquaticus|ODERBRO_000000_0_KR921817|NCBI","Aaquaticus|ODERBRO_000000_0_KR921817|NCBI","VALIDEE","2017-09-15","ASELLUS_AQUATICUS","2017-09-15","COI"
"ODERBRO","52.05091","15.42514","Aaquaticus|ODERBRO_000000_0_KR921818|NCBI","Aaquaticus|ODERBRO_000000_0_KR921818|NCBI","VALIDEE","2017-09-15","ASELLUS_AQUATICUS","2017-09-15","COI"
"ODERBRO","52.05091","15.42514","Aaquaticus|ODERBRO_000000_0_KR921819|NCBI","Aaquaticus|ODERBRO_000000_0_KR921819|NCBI","VALIDEE","2017-09-15","ASELLUS_AQUATICUS","2017-09-15","COI"
"ODERBRO","52.05091","15.42514","Aaquaticus|ODERBRO_000000_0_KR921820|NCBI","Aaquaticus|ODERBRO_000000_0_KR921820|NCBI","VALIDEE","2017-09-15","ASELLUS_AQUATICUS","2017-09-15","COI"
"ODERGLI","50.265","18.75","Aaquaticus|ODERGLI_000000_0_KR921825|NCBI","Aaquaticus|ODERGLI_000000_0_KR921825|NCBI","VALIDEE","2017-09-15","ASELLUS_AQUATICUS","2017-09-15","COI"
"ODERGLI","50.265","18.75","Aaquaticus|ODERGLI_000000_0_KR921826|NCBI","Aaquaticus|ODERGLI_000000_0_KR921826|NCBI","VALIDEE","2017-09-15","ASELLUS_AQUATICUS","2017-09-15","COI"
"ODERPOR","52.67064","14.46412","Aaquaticus|ODERPOR_000000_0_KR921814|NCBI","Aaquaticus|ODERPOR_000000_0_KR921814|NCBI","VALIDEE","2017-09-15","ASELLUS_AQUATICUS","2017-09-15","COI"
"ODERPOR","52.67064","14.46412","Aaquaticus|ODERPOR_000000_0_KR921815|NCBI","Aaquaticus|ODERPOR_000000_0_KR921815|NCBI","VALIDEE","2017-09-15","ASELLUS_AQUATICUS","2017-09-15","COI"
"ODERPOR","52.67064","14.46412","Aaquaticus|ODERPOR_000000_0_KR921816|NCBI","Aaquaticus|ODERPOR_000000_0_KR921816|NCBI","VALIDEE","2017-09-15","ASELLUS_AQUATICUS","2017-09-15","COI"
"OHRIDLAK","41.04117","20.72435","Aaquaticus|OHRIDLAK_000000_0_KR921753|NCBI","Aaquaticus|OHRIDLAK_000000_0_KR921753|NCBI","VALIDEE","2017-09-15","ASELLUS_AQUATICUS","2017-09-15","28S"
"OHRIDLAK","41.04117","20.72435","Aaquaticus|OHRIDLAK_000000_0_KR921788|NCBI","Aaquaticus|OHRIDLAK_000000_0_KR921788|NCBI","VALIDEE","2017-09-15","ASELLUS_AQUATICUS","2017-09-15","COI"
"OHRIDLAK","41.04117","20.72435","Aaquaticus|OHRIDLAK_000000_0_KR921789|NCBI","Aaquaticus|OHRIDLAK_000000_0_KR921789|NCBI","VALIDEE","2017-09-15","ASELLUS_AQUATICUS","2017-09-15","COI"
"OITMESTR","58.57116","22.76122","Aaquaticus|OITMESTR_000000_0_KR921770|NCBI","Aaquaticus|OITMESTR_000000_0_KR921770|NCBI","VALIDEE","2017-09-15","ASELLUS_AQUATICUS","2017-09-15","COI"
"OLSZTYN","53.811","20.437","Aaquaticus|OLSZTYN_000000_0_DQ144748|NCBI","Aaquaticus|OLSZTYN_000000_0_DQ144748|NCBI","VALIDEE","2017-09-15","ASELLUS_AQUATICUS","2017-09-15","28S"
"OLSZTYN","53.811","20.437","Aaquaticus|OLSZTYN_000000_0_DQ144821|NCBI","Aaquaticus|OLSZTYN_000000_0_DQ144821|NCBI","VALIDEE","2017-09-15","ASELLUS_AQUATICUS","2017-09-15","COI"
"OLSZTYN","53.811","20.437","Aaquaticus|OLSZTYN_000000_0_DQ144822|NCBI","Aaquaticus|OLSZTYN_000000_0_DQ144822|NCBI","VALIDEE","2017-09-15","ASELLUS_AQUATICUS","2017-09-15","COI"
"OSDORF","53.611","9.994","Aaquaticus|OSDORF_000000_0_AY531808|NCBI","Aaquaticus|OSDORF_000000_0_AY531808|NCBI","VALIDEE","2017-09-15","ASELLUS_AQUATICUS","2017-09-15","COI"
"OSP","45.574","13.851","Aaquaticus|OSP_000000_0_DQ144746|NCBI","Aaquaticus|OSP_000000_0_DQ144746|NCBI","VALIDEE","2017-09-15","ASELLUS_AQUATICUS","2017-09-15","28S"
"OSP","45.574","13.851","Aaquaticus|OSP_000000_0_DQ144769|NCBI","Aaquaticus|OSP_000000_0_DQ144769|NCBI","VALIDEE","2017-09-15","ASELLUS_AQUATICUS","2017-09-15","COI"
"OSP","45.574","13.851","Aaquaticus|OSP_000000_0_DQ144770|NCBI","Aaquaticus|OSP_000000_0_DQ144770|NCBI","VALIDEE","2017-09-15","ASELLUS_AQUATICUS","2017-09-15","COI"
"OSP","45.574","13.851","Aaquaticus|OSP_000000_0_DQ144771|NCBI","Aaquaticus|OSP_000000_0_DQ144771|NCBI","VALIDEE","2017-09-15","ASELLUS_AQUATICUS","2017-09-15","COI"
"OSTROWDI","53.16939","19.55826","Aaquaticus|OSTROWDI_000000_0_KR921807|NCBI","Aaquaticus|OSTROWDI_000000_0_KR921807|NCBI","VALIDEE","2017-09-15","ASELLUS_AQUATICUS","2017-09-15","COI"
"OTOK","45.732","14.381","Aaquaticus|OTOK_000000_0_AY531811|NCBI","Aaquaticus|OTOK_000000_0_AY531811|NCBI","VALIDEE","2017-09-15","ASELLUS_AQUATICUS","2017-09-15","COI"
"OTOK","45.732","14.381","Aaquaticus|OTOK_000000_0_AY531812|NCBI","Aaquaticus|OTOK_000000_0_AY531812|NCBI","VALIDEE","2017-09-15","ASELLUS_AQUATICUS","2017-09-15","COI"
"OTOK","45.732","14.381","Aaquaticus|OTOK_000000_0_AY531813|NCBI","Aaquaticus|OTOK_000000_0_AY531813|NCBI","VALIDEE","2017-09-15","ASELLUS_AQUATICUS","2017-09-15","COI"
"OTOK","45.732","14.381","Aaquaticus|OTOK_000000_0_AY531819|NCBI","Aaquaticus|OTOK_000000_0_AY531819|NCBI","VALIDEE","2017-09-15","ASELLUS_AQUATICUS","2017-09-15","COI"
"OTOK","45.732","14.381","Aaquaticus|OTOK_000000_0_AY531820|NCBI","Aaquaticus|OTOK_000000_0_AY531820|NCBI","VALIDEE","2017-09-15","ASELLUS_AQUATICUS","2017-09-15","COI"
"OZORKOW","51.97775","19.28046","Aaquaticus|OZORKOW_000000_0_KR921821|NCBI","Aaquaticus|OZORKOW_000000_0_KR921821|NCBI","VALIDEE","2017-09-15","ASELLUS_AQUATICUS","2017-09-15","COI"
"PARALIM","38.447","23.378","Aaquaticus|PARALIM_000000_0_DQ144746|NCBI","Aaquaticus|PARALIM_000000_0_DQ144746|NCBI","VALIDEE","2017-09-15","ASELLUS_AQUATICUS","2017-09-15","28S"
"PARALIM","38.447","23.378","Aaquaticus|PARALIM_000000_0_DQ144875|NCBI","Aaquaticus|PARALIM_000000_0_DQ144875|NCBI","VALIDEE","2017-09-15","ASELLUS_AQUATICUS","2017-09-15","COI"
"PARALIM","38.447","23.378","Aaquaticus|PARALIM_000000_0_DQ144876|NCBI","Aaquaticus|PARALIM_000000_0_DQ144876|NCBI","VALIDEE","2017-09-15","ASELLUS_AQUATICUS","2017-09-15","COI"
"PARALIM","38.447","23.378","Aaquaticus|PARALIM_000000_0_DQ144877|NCBI","Aaquaticus|PARALIM_000000_0_DQ144877|NCBI","VALIDEE","2017-09-15","ASELLUS_AQUATICUS","2017-09-15","COI"
"PARALIM","38.447","23.378","Aaquaticus|PARALIM_000000_0_DQ144878|NCBI","Aaquaticus|PARALIM_000000_0_DQ144878|NCBI","VALIDEE","2017-09-15","ASELLUS_AQUATICUS","2017-09-15","COI"
"PARALIM","38.447","23.378","Aaquaticus|PARALIM_000000_0_DQ144879|NCBI","Aaquaticus|PARALIM_000000_0_DQ144879|NCBI","VALIDEE","2017-09-15","ASELLUS_AQUATICUS","2017-09-15","COI"
"PENTLIN","48.98056","12.045","Aaquaticus|PENTLIN_000000_0_DQ144819|NCBI","Aaquaticus|PENTLIN_000000_0_DQ144819|NCBI","VALIDEE","2017-09-15","ASELLUS_AQUATICUS","2017-09-15","COI"
"PENTLIN","48.98056","12.045","Aaquaticus|PENTLIN_000000_0_DQ144820|NCBI","Aaquaticus|PENTLIN_000000_0_DQ144820|NCBI","VALIDEE","2017-09-15","ASELLUS_AQUATICUS","2017-09-15","COI"
"PENTLIN","48.98056","12.045","Aaquaticus|PENTLIN_000000_0_KR921750|NCBI","Aaquaticus|PENTLIN_000000_0_KR921750|NCBI","VALIDEE","2017-09-15","ASELLUS_AQUATICUS","2017-09-15","28S"
"PEVESTO","53.059","11.456","Aaquaticus|PEVESTO_000000_0_AY531808|NCBI","Aaquaticus|PEVESTO_000000_0_AY531808|NCBI","VALIDEE","2017-09-15","ASELLUS_AQUATICUS","2017-09-15","COI"
"PEVESTO","53.059","11.456","Aaquaticus|PEVESTO_000000_0_DQ144838|NCBI","Aaquaticus|PEVESTO_000000_0_DQ144838|NCBI","VALIDEE","2017-09-15","ASELLUS_AQUATICUS","2017-09-15","COI"
"PEVESTO","53.059","11.456","Aaquaticus|PEVESTO_000000_0_DQ144839|NCBI","Aaquaticus|PEVESTO_000000_0_DQ144839|NCBI","VALIDEE","2017-09-15","ASELLUS_AQUATICUS","2017-09-15","COI"
"PEVESTO","53.059","11.456","Aaquaticus|PEVESTO_000000_0_DQ144840|NCBI","Aaquaticus|PEVESTO_000000_0_DQ144840|NCBI","VALIDEE","2017-09-15","ASELLUS_AQUATICUS","2017-09-15","COI"
"PFAFFIKE","47.36429","8.7787","Aaquaticus|PFAFFIKE_000000_0_KR921750|NCBI","Aaquaticus|PFAFFIKE_000000_0_KR921750|NCBI","VALIDEE","2017-09-15","ASELLUS_AQUATICUS","2017-09-15","28S"
"PIONERS","49.934","36.231","Aaquaticus|PIONERS_000000_0_DQ144739|NCBI","Aaquaticus|PIONERS_000000_0_DQ144739|NCBI","VALIDEE","2017-09-15","ASELLUS_AQUATICUS","2017-09-15","28S"
"PIONERS","49.934","36.231","Aaquaticus|PIONERS_000000_0_DQ144805|NCBI","Aaquaticus|PIONERS_000000_0_DQ144805|NCBI","VALIDEE","2017-09-15","ASELLUS_AQUATICUS","2017-09-15","COI"
"PIONERS","49.934","36.231","Aaquaticus|PIONERS_000000_0_DQ144806|NCBI","Aaquaticus|PIONERS_000000_0_DQ144806|NCBI","VALIDEE","2017-09-15","ASELLUS_AQUATICUS","2017-09-15","COI"
"PIVKACA1","45.804","14.205","Aaquaticus|PIVKACA1_000000_0_AY531766|NCBI","Aaquaticus|PIVKACA1_000000_0_AY531766|NCBI","VALIDEE","2017-09-15","ASELLUS_AQUATICUS","2017-09-15","COI"
"PIVKACA1","45.804","14.205","Aaquaticus|PIVKACA1_000000_0_AY531767|NCBI","Aaquaticus|PIVKACA1_000000_0_AY531767|NCBI","VALIDEE","2017-09-15","ASELLUS_AQUATICUS","2017-09-15","COI"
"PIVKACA1","45.804","14.205","Aaquaticus|PIVKACA1_000000_0_AY531797|NCBI","Aaquaticus|PIVKACA1_000000_0_AY531797|NCBI","VALIDEE","2017-09-15","ASELLUS_AQUATICUS","2017-09-15","COI"
"PIVKACA1","45.804","14.205","Aaquaticus|PIVKACA1_000000_0_AY531798|NCBI","Aaquaticus|PIVKACA1_000000_0_AY531798|NCBI","VALIDEE","2017-09-15","ASELLUS_AQUATICUS","2017-09-15","COI"
"PIVKACA1","45.804","14.205","Aaquaticus|PIVKACA1_000000_0_AY531806|NCBI","Aaquaticus|PIVKACA1_000000_0_AY531806|NCBI","VALIDEE","2017-09-15","ASELLUS_AQUATICUS","2017-09-15","COI"
"PIVKACA1","45.804","14.205","Aaquaticus|PIVKACA1_000000_0_AY531807|NCBI","Aaquaticus|PIVKACA1_000000_0_AY531807|NCBI","VALIDEE","2017-09-15","ASELLUS_AQUATICUS","2017-09-15","COI"
"PIVKACHA","45.816111","14.244444","Aaquaticus|PIVKACHA_000000_0_KJ676736|NCBI","Aaquaticus|PIVKACHA_000000_0_KJ676736|NCBI","VALIDEE","2017-09-15","ASELLUS_AQUATICUS","2017-09-15","COI"
"PLANINA1","45.832","14.264","Aaquaticus|PLANINA1_000000_0_AY531761|NCBI","Aaquaticus|PLANINA1_000000_0_AY531761|NCBI","VALIDEE","2017-09-15","ASELLUS_AQUATICUS","2017-09-15","COI"
"PLANINA1","45.832","14.264","Aaquaticus|PLANINA1_000000_0_AY531798|NCBI","Aaquaticus|PLANINA1_000000_0_AY531798|NCBI","VALIDEE","2017-09-15","ASELLUS_AQUATICUS","2017-09-15","COI"
"PLANINA1","45.832","14.264","Aaquaticus|PLANINA1_000000_0_AY531806|NCBI","Aaquaticus|PLANINA1_000000_0_AY531806|NCBI","VALIDEE","2017-09-15","ASELLUS_AQUATICUS","2017-09-15","COI"
"PLANINA1","45.832","14.264","Aaquaticus|PLANINA1_000000_0_DQ144743|NCBI","Aaquaticus|PLANINA1_000000_0_DQ144743|NCBI","VALIDEE","2017-09-15","ASELLUS_AQUATICUS","2017-09-15","28S"
"PLANINA2","45.871028","14.243","Aaquaticus|PLANINA2_000000_0_KJ676734|NCBI","Aaquaticus|PLANINA2_000000_0_KJ676734|NCBI","VALIDEE","2017-09-15","ASELLUS_AQUATICUS","2017-09-15","COI"
"PLANINA2","45.871028","14.243","Aaquaticus|PLANINA2_000000_0_KJ676738|NCBI","Aaquaticus|PLANINA2_000000_0_KJ676738|NCBI","VALIDEE","2017-09-15","ASELLUS_AQUATICUS","2017-09-15","COI"
"PLANINA2","45.871028","14.243","Aaquaticus|PLANINA2_000000_0_KJ676739|NCBI","Aaquaticus|PLANINA2_000000_0_KJ676739|NCBI","VALIDEE","2017-09-15","ASELLUS_AQUATICUS","2017-09-15","COI"
"PLANINA2","45.871028","14.243","Aaquaticus|PLANINA2_000000_0_KJ676740|NCBI","Aaquaticus|PLANINA2_000000_0_KJ676740|NCBI","VALIDEE","2017-09-15","ASELLUS_AQUATICUS","2017-09-15","COI"
"PLANINA3","45.853417","14.255092","Aaquaticus|PLANINA3_000000_0_KJ676737|NCBI","Aaquaticus|PLANINA3_000000_0_KJ676737|NCBI","VALIDEE","2017-09-15","ASELLUS_AQUATICUS","2017-09-15","COI"
"PLANINS","45.816","14.244","Aaquaticus|PLANINS_000000_0_AY531775|NCBI","Aaquaticus|PLANINS_000000_0_AY531775|NCBI","VALIDEE","2017-09-15","ASELLUS_AQUATICUS","2017-09-15","COI"
"PLANINS","45.816","14.244","Aaquaticus|PLANINS_000000_0_AY531799|NCBI","Aaquaticus|PLANINS_000000_0_AY531799|NCBI","VALIDEE","2017-09-15","ASELLUS_AQUATICUS","2017-09-15","COI"
"PLANINS","45.816","14.244","Aaquaticus|PLANINS_000000_0_AY531800|NCBI","Aaquaticus|PLANINS_000000_0_AY531800|NCBI","VALIDEE","2017-09-15","ASELLUS_AQUATICUS","2017-09-15","COI"
"PLANINS","45.816","14.244","Aaquaticus|PLANINS_000000_0_AY531801|NCBI","Aaquaticus|PLANINS_000000_0_AY531801|NCBI","VALIDEE","2017-09-15","ASELLUS_AQUATICUS","2017-09-15","COI"
"PLANINS","45.816","14.244","Aaquaticus|PLANINS_000000_0_AY531807|NCBI","Aaquaticus|PLANINS_000000_0_AY531807|NCBI","VALIDEE","2017-09-15","ASELLUS_AQUATICUS","2017-09-15","COI"
"PLANINS","45.816","14.244","Aaquaticus|PLANINS_000000_0_DQ144742|NCBI","Aaquaticus|PLANINS_000000_0_DQ144742|NCBI","VALIDEE","2017-09-15","ASELLUS_AQUATICUS","2017-09-15","28S"
"PLANINS2","45.816","14.244","Aaquaticus|PLANINS2_000000_0_AY531802|NCBI","Aaquaticus|PLANINS2_000000_0_AY531802|NCBI","VALIDEE","2017-09-15","ASELLUS_AQUATICUS","2017-09-15","COI"
"PLANINS2","45.816","14.244","Aaquaticus|PLANINS2_000000_0_AY531803|NCBI","Aaquaticus|PLANINS2_000000_0_AY531803|NCBI","VALIDEE","2017-09-15","ASELLUS_AQUATICUS","2017-09-15","COI"
"PLANINS2","45.816","14.244","Aaquaticus|PLANINS2_000000_0_AY531804|NCBI","Aaquaticus|PLANINS2_000000_0_AY531804|NCBI","VALIDEE","2017-09-15","ASELLUS_AQUATICUS","2017-09-15","COI"
"PLOIESTI","44.938056","26.024167","Aaquaticus|PLOIESTI_000000_0_KJ676765|NCBI","Aaquaticus|PLOIESTI_000000_0_KJ676765|NCBI","VALIDEE","2017-09-15","ASELLUS_AQUATICUS","2017-09-15","COI"
"PLOIESTI","44.938056","26.024167","Aaquaticus|PLOIESTI_000000_0_KJ676766|NCBI","Aaquaticus|PLOIESTI_000000_0_KJ676766|NCBI","VALIDEE","2017-09-15","ASELLUS_AQUATICUS","2017-09-15","COI"
"POPOVO","42.714","18.33","Aaquaticus|POPOVO_000000_0_DQ144801|NCBI","Aaquaticus|POPOVO_000000_0_DQ144801|NCBI","VALIDEE","2017-09-15","ASELLUS_AQUATICUS","2017-09-15","COI"
"POPOVO","42.714","18.33","Aaquaticus|POPOVO_000000_0_DQ144802|NCBI","Aaquaticus|POPOVO_000000_0_DQ144802|NCBI","VALIDEE","2017-09-15","ASELLUS_AQUATICUS","2017-09-15","COI"
"POPOVO","42.714","18.33","Aaquaticus|POPOVO_000000_0_DQ144803|NCBI","Aaquaticus|POPOVO_000000_0_DQ144803|NCBI","VALIDEE","2017-09-15","ASELLUS_AQUATICUS","2017-09-15","COI"
"POPOVO","42.714","18.33","Aaquaticus|POPOVO_000000_0_DQ144804|NCBI","Aaquaticus|POPOVO_000000_0_DQ144804|NCBI","VALIDEE","2017-09-15","ASELLUS_AQUATICUS","2017-09-15","COI"
"PRILIPE","45.879","15.641","Aaquaticus|PRILIPE_000000_0_DQ144795|NCBI","Aaquaticus|PRILIPE_000000_0_DQ144795|NCBI","VALIDEE","2017-09-15","ASELLUS_AQUATICUS","2017-09-15","COI"
"PRILIPE","45.879","15.641","Aaquaticus|PRILIPE_000000_0_DQ144796|NCBI","Aaquaticus|PRILIPE_000000_0_DQ144796|NCBI","VALIDEE","2017-09-15","ASELLUS_AQUATICUS","2017-09-15","COI"
"PRILIPE","45.879","15.641","Aaquaticus|PRILIPE_000000_0_DQ144797|NCBI","Aaquaticus|PRILIPE_000000_0_DQ144797|NCBI","VALIDEE","2017-09-15","ASELLUS_AQUATICUS","2017-09-15","COI"
"PROVATO","41.025","26.244","Aaquaticus|PROVATO_000000_0_DQ144865|NCBI","Aaquaticus|PROVATO_000000_0_DQ144865|NCBI","VALIDEE","2017-09-15","ASELLUS_AQUATICUS","2017-09-15","COI"
"PRYPECRI","51.84818","25.4723","Aaquaticus|PRYPECRI_000000_0_KR921847|NCBI","Aaquaticus|PRYPECRI_000000_0_KR921847|NCBI","VALIDEE","2017-09-15","ASELLUS_AQUATICUS","2017-09-15","COI"
"PUSPOKL","47.393","21.11","Aaquaticus|PUSPOKL_000000_0_DQ144746|NCBI","Aaquaticus|PUSPOKL_000000_0_DQ144746|NCBI","VALIDEE","2017-09-15","ASELLUS_AQUATICUS","2017-09-15","28S"
"PUSPOKL","47.393","21.11","Aaquaticus|PUSPOKL_000000_0_DQ144807|NCBI","Aaquaticus|PUSPOKL_000000_0_DQ144807|NCBI","VALIDEE","2017-09-15","ASELLUS_AQUATICUS","2017-09-15","COI"
"PUSPOKL","47.393","21.11","Aaquaticus|PUSPOKL_000000_0_DQ144808|NCBI","Aaquaticus|PUSPOKL_000000_0_DQ144808|NCBI","VALIDEE","2017-09-15","ASELLUS_AQUATICUS","2017-09-15","COI"
"PUSPOKL","47.393","21.11","Aaquaticus|PUSPOKL_000000_0_DQ144809|NCBI","Aaquaticus|PUSPOKL_000000_0_DQ144809|NCBI","VALIDEE","2017-09-15","ASELLUS_AQUATICUS","2017-09-15","COI"
"QUERENBU","51.44","7.27","Aaquaticus|QUERENBU_201604_0_KX467625|NCBI","Aaquaticus|QUERENBU_201604_0_KX467625|NCBI","VALIDEE","2017-09-15","ASELLUS_AQUATICUS","2017-09-15","28S"
"RABELOVS","56.08","14.167","Aaquaticus|RABELOVS_000000_0_FJ800005|NCBI","Aaquaticus|RABELOVS_000000_0_FJ800005|NCBI","VALIDEE","2017-09-15","ASELLUS_AQUATICUS","2017-09-15","COI"
"RABELOVS","56.08","14.167","Aaquaticus|RABELOVS_000000_0_FJ800024|NCBI","Aaquaticus|RABELOVS_000000_0_FJ800024|NCBI","VALIDEE","2017-09-15","ASELLUS_AQUATICUS","2017-09-15","COI"
"RABELOVS","56.08","14.167","Aaquaticus|RABELOVS_000000_0_FJ800025|NCBI","Aaquaticus|RABELOVS_000000_0_FJ800025|NCBI","VALIDEE","2017-09-15","ASELLUS_AQUATICUS","2017-09-15","COI"
"RABELOVS","56.08","14.167","Aaquaticus|RABELOVS_000000_0_FJ800026|NCBI","Aaquaticus|RABELOVS_000000_0_FJ800026|NCBI","VALIDEE","2017-09-15","ASELLUS_AQUATICUS","2017-09-15","COI"
"RABELOVS","56.08","14.167","Aaquaticus|RABELOVS_000000_0_FJ800027|NCBI","Aaquaticus|RABELOVS_000000_0_FJ800027|NCBI","VALIDEE","2017-09-15","ASELLUS_AQUATICUS","2017-09-15","COI"
"RABELOVS","56.08","14.167","Aaquaticus|RABELOVS_000000_0_FJ800028|NCBI","Aaquaticus|RABELOVS_000000_0_FJ800028|NCBI","VALIDEE","2017-09-15","ASELLUS_AQUATICUS","2017-09-15","COI"
"RABELOVS","56.08","14.167","Aaquaticus|RABELOVS_000000_0_FJ800029|NCBI","Aaquaticus|RABELOVS_000000_0_FJ800029|NCBI","VALIDEE","2017-09-15","ASELLUS_AQUATICUS","2017-09-15","COI"
"RAKOVSKO","45.786","14.299","Aaquaticus|RAKOVSKO_000000_0_AY531768|NCBI","Aaquaticus|RAKOVSKO_000000_0_AY531768|NCBI","VALIDEE","2017-09-15","ASELLUS_AQUATICUS","2017-09-15","COI"
"RAKOVSKO","45.786","14.299","Aaquaticus|RAKOVSKO_000000_0_AY531805|NCBI","Aaquaticus|RAKOVSKO_000000_0_AY531805|NCBI","VALIDEE","2017-09-15","ASELLUS_AQUATICUS","2017-09-15","COI"
"RAKOVSKO","45.786","14.299","Aaquaticus|RAKOVSKO_000000_0_AY531806|NCBI","Aaquaticus|RAKOVSKO_000000_0_AY531806|NCBI","VALIDEE","2017-09-15","ASELLUS_AQUATICUS","2017-09-15","COI"
"RAKOVSKO","45.786","14.299","Aaquaticus|RAKOVSKO_000000_0_AY531807|NCBI","Aaquaticus|RAKOVSKO_000000_0_AY531807|NCBI","VALIDEE","2017-09-15","ASELLUS_AQUATICUS","2017-09-15","COI"
"RAKOVSKO","45.786","14.299","Aaquaticus|RAKOVSKO_000000_0_AY531820|NCBI","Aaquaticus|RAKOVSKO_000000_0_AY531820|NCBI","VALIDEE","2017-09-15","ASELLUS_AQUATICUS","2017-09-15","COI"
"RANNAMET","58.15577","24.57197","Aaquaticus|RANNAMET_000000_0_KR921771|NCBI","Aaquaticus|RANNAMET_000000_0_KR921771|NCBI","VALIDEE","2017-09-15","ASELLUS_AQUATICUS","2017-09-15","COI"
"RANNAMET","58.15577","24.57197","Aaquaticus|RANNAMET_000000_0_KR921772|NCBI","Aaquaticus|RANNAMET_000000_0_KR921772|NCBI","VALIDEE","2017-09-15","ASELLUS_AQUATICUS","2017-09-15","COI"
"RENTINA","40.65438","23.61167","Aaquaticus|RENTINA_000000_0_KR921777|NCBI","Aaquaticus|RENTINA_000000_0_KR921777|NCBI","VALIDEE","2017-09-15","ASELLUS_AQUATICUS","2017-09-15","COI"
"RENTINA","40.65438","23.61167","Aaquaticus|RENTINA_000000_0_KR921778|NCBI","Aaquaticus|RENTINA_000000_0_KR921778|NCBI","VALIDEE","2017-09-15","ASELLUS_AQUATICUS","2017-09-15","COI"
"RIETI","42.403","12.861","Aaquaticus|RIETI_000000_0_DQ144746|NCBI","Aaquaticus|RIETI_000000_0_DQ144746|NCBI","VALIDEE","2017-09-15","ASELLUS_AQUATICUS","2017-09-15","28S"
"RIETI","42.403","12.861","Aaquaticus|RIETI_000000_0_DQ144848|NCBI","Aaquaticus|RIETI_000000_0_DQ144848|NCBI","VALIDEE","2017-09-15","ASELLUS_AQUATICUS","2017-09-15","COI"
"RIVEPARI","58.2019","26.81035","Aaquaticus|RIVEPARI_000000_0_KR921751|NCBI","Aaquaticus|RIVEPARI_000000_0_KR921751|NCBI","VALIDEE","2017-09-15","ASELLUS_AQUATICUS","2017-09-15","28S"
"RIVEPARI","58.2019","26.81035","Aaquaticus|RIVEPARI_000000_0_KR921763|NCBI","Aaquaticus|RIVEPARI_000000_0_KR921763|NCBI","VALIDEE","2017-09-15","ASELLUS_AQUATICUS","2017-09-15","COI"
"RIVESEDA","57.73802","25.94462","Aaquaticus|RIVESEDA_000000_0_KR921750|NCBI","Aaquaticus|RIVESEDA_000000_0_KR921750|NCBI","VALIDEE","2017-09-15","ASELLUS_AQUATICUS","2017-09-15","28S"
"RIVESEDA","57.73802","25.94462","Aaquaticus|RIVESEDA_000000_0_KR921751|NCBI","Aaquaticus|RIVESEDA_000000_0_KR921751|NCBI","VALIDEE","2017-09-15","ASELLUS_AQUATICUS","2017-09-15","28S"
"SAADJARV","58.52661","26.67617","Aaquaticus|SAADJARV_000000_0_KR921761|NCBI","Aaquaticus|SAADJARV_000000_0_KR921761|NCBI","VALIDEE","2017-09-15","ASELLUS_AQUATICUS","2017-09-15","COI"
"SAINTCYR","46.71889","0.44222","Aaquaticus|SAINTCYR_000000_0_AJ388077|NCBI","Aaquaticus|SAINTCYR_000000_0_AJ388077|NCBI","VALIDEE","2017-09-15","ASELLUS_AQUATICUS","2017-09-15","16S"
"SAKSAHAN","48.35337","33.86214","Aaquaticus|SAKSAHAN_000000_0_KR921853|NCBI","Aaquaticus|SAKSAHAN_000000_0_KR921853|NCBI","VALIDEE","2017-09-15","ASELLUS_AQUATICUS","2017-09-15","COI"
"SAKSAHAN","48.35337","33.86214","Aaquaticus|SAKSAHAN_000000_0_KR921855|NCBI","Aaquaticus|SAKSAHAN_000000_0_KR921855|NCBI","VALIDEE","2017-09-15","ASELLUS_AQUATICUS","2017-09-15","COI"
"SAKSAHAN","48.35337","33.86214","Aaquaticus|SAKSAHAN_000000_0_KR921856|NCBI","Aaquaticus|SAKSAHAN_000000_0_KR921856|NCBI","VALIDEE","2017-09-15","ASELLUS_AQUATICUS","2017-09-15","COI"
"SANPANC","45.436","11.034","Aaquaticus|SANPANC_000000_0_DQ144746|NCBI","Aaquaticus|SANPANC_000000_0_DQ144746|NCBI","VALIDEE","2017-09-15","ASELLUS_AQUATICUS","2017-09-15","28S"
"SANPANC","45.436","11.034","Aaquaticus|SANPANC_000000_0_DQ144779|NCBI","Aaquaticus|SANPANC_000000_0_DQ144779|NCBI","VALIDEE","2017-09-15","ASELLUS_AQUATICUS","2017-09-15","COI"
"SANPANC","45.436","11.034","Aaquaticus|SANPANC_000000_0_DQ144780|NCBI","Aaquaticus|SANPANC_000000_0_DQ144780|NCBI","VALIDEE","2017-09-15","ASELLUS_AQUATICUS","2017-09-15","COI"
"SANPANC","45.436","11.034","Aaquaticus|SANPANC_000000_0_DQ144781|NCBI","Aaquaticus|SANPANC_000000_0_DQ144781|NCBI","VALIDEE","2017-09-15","ASELLUS_AQUATICUS","2017-09-15","COI"
"SANPANC","45.436","11.034","Aaquaticus|SANPANC_000000_0_DQ144782|NCBI","Aaquaticus|SANPANC_000000_0_DQ144782|NCBI","VALIDEE","2017-09-15","ASELLUS_AQUATICUS","2017-09-15","COI"
"SAPANTA","47.969567","23.69605","Aaquaticus|SAPANTA_000000_0_KJ676744|NCBI","Aaquaticus|SAPANTA_000000_0_KJ676744|NCBI","VALIDEE","2017-09-15","ASELLUS_AQUATICUS","2017-09-15","COI"
"SARAJEVO","43.82045","18.2696","Aaquaticus|SARAJEVO_000000_0_KR921748|NCBI","Aaquaticus|SARAJEVO_000000_0_KR921748|NCBI","VALIDEE","2017-09-15","ASELLUS_AQUATICUS","2017-09-15","28S"
"SARAJEVO","43.82045","18.2696","Aaquaticus|SARAJEVO_000000_0_KR921749|NCBI","Aaquaticus|SARAJEVO_000000_0_KR921749|NCBI","VALIDEE","2017-09-15","ASELLUS_AQUATICUS","2017-09-15","28S"
"SARAJEVO","43.82045","18.2696","Aaquaticus|SARAJEVO_000000_0_KR921756|NCBI","Aaquaticus|SARAJEVO_000000_0_KR921756|NCBI","VALIDEE","2017-09-15","ASELLUS_AQUATICUS","2017-09-15","COI"
"SARAJEVO","43.82045","18.2696","Aaquaticus|SARAJEVO_000000_0_KR921757|NCBI","Aaquaticus|SARAJEVO_000000_0_KR921757|NCBI","VALIDEE","2017-09-15","ASELLUS_AQUATICUS","2017-09-15","COI"
"SESKAI","55.82053","24.33051","Aaquaticus|SESKAI_000000_0_KR921750|NCBI","Aaquaticus|SESKAI_000000_0_KR921750|NCBI","VALIDEE","2017-09-15","ASELLUS_AQUATICUS","2017-09-15","28S"
"SESKAI","55.82053","24.33051","Aaquaticus|SESKAI_000000_0_KR921752|NCBI","Aaquaticus|SESKAI_000000_0_KR921752|NCBI","VALIDEE","2017-09-15","ASELLUS_AQUATICUS","2017-09-15","28S"
"SESKAI","55.82053","24.33051","Aaquaticus|SESKAI_000000_0_KR921785|NCBI","Aaquaticus|SESKAI_000000_0_KR921785|NCBI","VALIDEE","2017-09-15","ASELLUS_AQUATICUS","2017-09-15","COI"
"SESKAI","55.82053","24.33051","Aaquaticus|SESKAI_000000_0_KR921786|NCBI","Aaquaticus|SESKAI_000000_0_KR921786|NCBI","VALIDEE","2017-09-15","ASELLUS_AQUATICUS","2017-09-15","COI"
"SESKAI","55.82053","24.33051","Aaquaticus|SESKAI_000000_0_KR921787|NCBI","Aaquaticus|SESKAI_000000_0_KR921787|NCBI","VALIDEE","2017-09-15","ASELLUS_AQUATICUS","2017-09-15","COI"
"SIMFEROP","44.937222","34.133611","Aaquaticus|SIMFEROP_000000_0_KJ676767|NCBI","Aaquaticus|SIMFEROP_000000_0_KJ676767|NCBI","VALIDEE","2017-09-15","ASELLUS_AQUATICUS","2017-09-15","COI"
"SIMSSEEL","47.8633","12.21466","Aaquaticus|SIMSSEEL_000000_0_KR921750|NCBI","Aaquaticus|SIMSSEEL_000000_0_KR921750|NCBI","VALIDEE","2017-09-15","ASELLUS_AQUATICUS","2017-09-15","28S"
"SIMSSEEL","47.8633","12.21466","Aaquaticus|SIMSSEEL_000000_0_KR921776|NCBI","Aaquaticus|SIMSSEEL_000000_0_KR921776|NCBI","VALIDEE","2017-09-15","ASELLUS_AQUATICUS","2017-09-15","COI"
"SINOPSTR","42.02314","35.15307","Aaquaticus|SINOPSTR_000000_0_KR921842|NCBI","Aaquaticus|SINOPSTR_000000_0_KR921842|NCBI","VALIDEE","2017-09-15","ASELLUS_AQUATICUS","2017-09-15","COI"
"SINOPSTR","42.02314","35.15307","Aaquaticus|SINOPSTR_000000_0_KR921843|NCBI","Aaquaticus|SINOPSTR_000000_0_KR921843|NCBI","VALIDEE","2017-09-15","ASELLUS_AQUATICUS","2017-09-15","COI"
"SOLONETS","46.62679","32.08967","Aaquaticus|SOLONETS_000000_0_KR921850|NCBI","Aaquaticus|SOLONETS_000000_0_KR921850|NCBI","VALIDEE","2017-09-15","ASELLUS_AQUATICUS","2017-09-15","COI"
"STARNBER","47.97343","11.35182","Aaquaticus|STARNBER_000000_0_KR921750|NCBI","Aaquaticus|STARNBER_000000_0_KR921750|NCBI","VALIDEE","2017-09-15","ASELLUS_AQUATICUS","2017-09-15","28S"
"STARNBER","47.97343","11.35182","Aaquaticus|STARNBER_000000_0_KR921775|NCBI","Aaquaticus|STARNBER_000000_0_KR921775|NCBI","VALIDEE","2017-09-15","ASELLUS_AQUATICUS","2017-09-15","COI"
"STNAUM","40.911","20.745","Aaquaticus|STNAUM_000000_0_DQ305143|NCBI","Aaquaticus|STNAUM_000000_0_DQ305143|NCBI","VALIDEE","2017-09-15","ASELLUS_AQUATICUS","2017-09-15","COI"
"STNAUM","40.911","20.745","Aaquaticus|STNAUM_000000_0_DQ305144|NCBI","Aaquaticus|STNAUM_000000_0_DQ305144|NCBI","VALIDEE","2017-09-15","ASELLUS_AQUATICUS","2017-09-15","COI"
"STOCHID","51.73574","25.49367","Aaquaticus|STOCHID_000000_0_KR921845|NCBI","Aaquaticus|STOCHID_000000_0_KR921845|NCBI","VALIDEE","2017-09-15","ASELLUS_AQUATICUS","2017-09-15","COI"
"STOCHID","51.73574","25.49367","Aaquaticus|STOCHID_000000_0_KR921846|NCBI","Aaquaticus|STOCHID_000000_0_KR921846|NCBI","VALIDEE","2017-09-15","ASELLUS_AQUATICUS","2017-09-15","COI"
"STOCHID","51.73574","25.49367","Aaquaticus|STOCHID_000000_0_KR921847|NCBI","Aaquaticus|STOCHID_000000_0_KR921847|NCBI","VALIDEE","2017-09-15","ASELLUS_AQUATICUS","2017-09-15","COI"
"STOCHID","51.73574","25.49367","Aaquaticus|STOCHID_000000_0_KR921848|NCBI","Aaquaticus|STOCHID_000000_0_KR921848|NCBI","VALIDEE","2017-09-15","ASELLUS_AQUATICUS","2017-09-15","COI"
"STORLUS","53.27872","18.52279","Aaquaticus|STORLUS_000000_0_KR921808|NCBI","Aaquaticus|STORLUS_000000_0_KR921808|NCBI","VALIDEE","2017-09-15","ASELLUS_AQUATICUS","2017-09-15","COI"
"STRACHOW","52.42671","21.63349","Aaquaticus|STRACHOW_000000_0_KR921822|NCBI","Aaquaticus|STRACHOW_000000_0_KR921822|NCBI","VALIDEE","2017-09-15","ASELLUS_AQUATICUS","2017-09-15","COI"
"STRIMON","41.069","23.289","Aaquaticus|STRIMON_000000_0_DQ144869|NCBI","Aaquaticus|STRIMON_000000_0_DQ144869|NCBI","VALIDEE","2017-09-15","ASELLUS_AQUATICUS","2017-09-15","COI"
"STUSAGE","47.111","5.265","Aaquaticus|STUSAGE_000000_0_DQ144746|NCBI","Aaquaticus|STUSAGE_000000_0_DQ144746|NCBI","VALIDEE","2017-09-15","ASELLUS_AQUATICUS","2017-09-15","28S"
"STUSAGE","47.111","5.265","Aaquaticus|STUSAGE_000000_0_DQ144772|NCBI","Aaquaticus|STUSAGE_000000_0_DQ144772|NCBI","VALIDEE","2017-09-15","ASELLUS_AQUATICUS","2017-09-15","COI"
"STUSAGE","47.111","5.265","Aaquaticus|STUSAGE_000000_0_DQ144773|NCBI","Aaquaticus|STUSAGE_000000_0_DQ144773|NCBI","VALIDEE","2017-09-15","ASELLUS_AQUATICUS","2017-09-15","COI"
"STUSAGE","47.111","5.265","Aaquaticus|STUSAGE_000000_0_DQ144774|NCBI","Aaquaticus|STUSAGE_000000_0_DQ144774|NCBI","VALIDEE","2017-09-15","ASELLUS_AQUATICUS","2017-09-15","COI"
"STUSAGE","47.111","5.265","Aaquaticus|STUSAGE_000000_0_DQ144834|NCBI","Aaquaticus|STUSAGE_000000_0_DQ144834|NCBI","VALIDEE","2017-09-15","ASELLUS_AQUATICUS","2017-09-15","COI"
"SUITGHIO","44.2725","28.61705","Aaquaticus|SUITGHIO_000000_0_KR921832|NCBI","Aaquaticus|SUITGHIO_000000_0_KR921832|NCBI","VALIDEE","2017-09-15","ASELLUS_AQUATICUS","2017-09-15","COI"
"SUMSPRI","41.226","20.595","Aaquaticus|SUMSPRI_000000_0_DQ144857|NCBI","Aaquaticus|SUMSPRI_000000_0_DQ144857|NCBI","VALIDEE","2017-09-15","ASELLUS_AQUATICUS","2017-09-15","COI"
"SUMSPRI","41.226","20.595","Aaquaticus|SUMSPRI_000000_0_DQ144858|NCBI","Aaquaticus|SUMSPRI_000000_0_DQ144858|NCBI","VALIDEE","2017-09-15","ASELLUS_AQUATICUS","2017-09-15","COI"
"SUSJE","45.754","14.688","Aaquaticus|SUSJE_000000_0_AY531809|NCBI","Aaquaticus|SUSJE_000000_0_AY531809|NCBI","VALIDEE","2017-09-15","ASELLUS_AQUATICUS","2017-09-15","COI"
"SUSJE","45.754","14.688","Aaquaticus|SUSJE_000000_0_AY531810|NCBI","Aaquaticus|SUSJE_000000_0_AY531810|NCBI","VALIDEE","2017-09-15","ASELLUS_AQUATICUS","2017-09-15","COI"
"SUSJE","45.754","14.688","Aaquaticus|SUSJE_000000_0_DQ144744|NCBI","Aaquaticus|SUSJE_000000_0_DQ144744|NCBI","VALIDEE","2017-09-15","ASELLUS_AQUATICUS","2017-09-15","28S"
"SZCZECIN","53.68934","14.5488","Aaquaticus|SZCZECIN_000000_0_KR921750|NCBI","Aaquaticus|SZCZECIN_000000_0_KR921750|NCBI","VALIDEE","2017-09-15","ASELLUS_AQUATICUS","2017-09-15","28S"
"SZCZECIN","53.68934","14.5488","Aaquaticus|SZCZECIN_000000_0_KR921809|NCBI","Aaquaticus|SZCZECIN_000000_0_KR921809|NCBI","VALIDEE","2017-09-15","ASELLUS_AQUATICUS","2017-09-15","COI"
"SZCZECIN","53.68934","14.5488","Aaquaticus|SZCZECIN_000000_0_KR921810|NCBI","Aaquaticus|SZCZECIN_000000_0_KR921810|NCBI","VALIDEE","2017-09-15","ASELLUS_AQUATICUS","2017-09-15","COI"
"SZCZECIN","53.68934","14.5488","Aaquaticus|SZCZECIN_000000_0_KR921811|NCBI","Aaquaticus|SZCZECIN_000000_0_KR921811|NCBI","VALIDEE","2017-09-15","ASELLUS_AQUATICUS","2017-09-15","COI"
"SZCZECIN","53.68934","14.5488","Aaquaticus|SZCZECIN_000000_0_KR921812|NCBI","Aaquaticus|SZCZECIN_000000_0_KR921812|NCBI","VALIDEE","2017-09-15","ASELLUS_AQUATICUS","2017-09-15","COI"
"SZCZECIN","53.68934","14.5488","Aaquaticus|SZCZECIN_000000_0_KR921813|NCBI","Aaquaticus|SZCZECIN_000000_0_KR921813|NCBI","VALIDEE","2017-09-15","ASELLUS_AQUATICUS","2017-09-15","COI"
"SZEWCEDI","51.22508","16.95817","Aaquaticus|SZEWCEDI_000000_0_KR921750|NCBI","Aaquaticus|SZEWCEDI_000000_0_KR921750|NCBI","VALIDEE","2017-09-15","ASELLUS_AQUATICUS","2017-09-15","28S"
"SZEWCEDI","51.22508","16.95817","Aaquaticus|SZEWCEDI_000000_0_KR921823|NCBI","Aaquaticus|SZEWCEDI_000000_0_KR921823|NCBI","VALIDEE","2017-09-15","ASELLUS_AQUATICUS","2017-09-15","COI"
"SZEWCEDI","51.22508","16.95817","Aaquaticus|SZEWCEDI_000000_0_KR921824|NCBI","Aaquaticus|SZEWCEDI_000000_0_KR921824|NCBI","VALIDEE","2017-09-15","ASELLUS_AQUATICUS","2017-09-15","COI"
"SZTEKLIN","53.89083","18.41028","Aaquaticus|SZTEKLIN_000000_0_KR921799|NCBI","Aaquaticus|SZTEKLIN_000000_0_KR921799|NCBI","VALIDEE","2017-09-15","ASELLUS_AQUATICUS","2017-09-15","COI"
"TAKEMC","58.353","14.831","Aaquaticus|TAKEMC_000000_0_FJ800006|NCBI","Aaquaticus|TAKEMC_000000_0_FJ800006|NCBI","VALIDEE","2017-09-15","ASELLUS_AQUATICUS","2017-09-15","COI"
"TAKEMC","58.353","14.831","Aaquaticus|TAKEMC_000000_0_FJ800007|NCBI","Aaquaticus|TAKEMC_000000_0_FJ800007|NCBI","VALIDEE","2017-09-15","ASELLUS_AQUATICUS","2017-09-15","COI"
"TAKEMC","58.353","14.831","Aaquaticus|TAKEMC_000000_0_FJ800008|NCBI","Aaquaticus|TAKEMC_000000_0_FJ800008|NCBI","VALIDEE","2017-09-15","ASELLUS_AQUATICUS","2017-09-15","COI"
"TAKEMC","58.353","14.831","Aaquaticus|TAKEMC_000000_0_FJ800009|NCBI","Aaquaticus|TAKEMC_000000_0_FJ800009|NCBI","VALIDEE","2017-09-15","ASELLUS_AQUATICUS","2017-09-15","COI"
"TAKEMR","58.353","14.831","Aaquaticus|TAKEMR_000000_0_FJ800006|NCBI","Aaquaticus|TAKEMR_000000_0_FJ800006|NCBI","VALIDEE","2017-09-15","ASELLUS_AQUATICUS","2017-09-15","COI"
"TAKEMR","58.353","14.831","Aaquaticus|TAKEMR_000000_0_FJ800009|NCBI","Aaquaticus|TAKEMR_000000_0_FJ800009|NCBI","VALIDEE","2017-09-15","ASELLUS_AQUATICUS","2017-09-15","COI"
"TAKEMR","58.353","14.831","Aaquaticus|TAKEMR_000000_0_FJ800010|NCBI","Aaquaticus|TAKEMR_000000_0_FJ800010|NCBI","VALIDEE","2017-09-15","ASELLUS_AQUATICUS","2017-09-15","COI"
"TAKEMR","58.353","14.831","Aaquaticus|TAKEMR_000000_0_FJ800011|NCBI","Aaquaticus|TAKEMR_000000_0_FJ800011|NCBI","VALIDEE","2017-09-15","ASELLUS_AQUATICUS","2017-09-15","COI"
"TAKEMR","58.353","14.831","Aaquaticus|TAKEMR_000000_0_FJ800012|NCBI","Aaquaticus|TAKEMR_000000_0_FJ800012|NCBI","VALIDEE","2017-09-15","ASELLUS_AQUATICUS","2017-09-15","COI"
"TAKEMR","58.353","14.831","Aaquaticus|TAKEMR_000000_0_FJ800013|NCBI","Aaquaticus|TAKEMR_000000_0_FJ800013|NCBI","VALIDEE","2017-09-15","ASELLUS_AQUATICUS","2017-09-15","COI"
"TAKEMR","58.353","14.831","Aaquaticus|TAKEMR_000000_0_FJ800014|NCBI","Aaquaticus|TAKEMR_000000_0_FJ800014|NCBI","VALIDEE","2017-09-15","ASELLUS_AQUATICUS","2017-09-15","COI"
"TALRIVER","50.88941","29.98299","Aaquaticus|TALRIVER_000000_0_KR921852|NCBI","Aaquaticus|TALRIVER_000000_0_KR921852|NCBI","VALIDEE","2017-09-15","ASELLUS_AQUATICUS","2017-09-15","COI"
"TALRIVER","50.88941","29.98299","Aaquaticus|TALRIVER_000000_0_KR921854|NCBI","Aaquaticus|TALRIVER_000000_0_KR921854|NCBI","VALIDEE","2017-09-15","ASELLUS_AQUATICUS","2017-09-15","COI"
"TETERIV","50.84359","29.81191","Aaquaticus|TETERIV_000000_0_KR921853|NCBI","Aaquaticus|TETERIV_000000_0_KR921853|NCBI","VALIDEE","2017-09-15","ASELLUS_AQUATICUS","2017-09-15","COI"
"TISZA","47.589","20.683","Aaquaticus|TISZA_000000_0_DQ144814|NCBI","Aaquaticus|TISZA_000000_0_DQ144814|NCBI","VALIDEE","2017-09-15","ASELLUS_AQUATICUS","2017-09-15","COI"
"TISZA","47.589","20.683","Aaquaticus|TISZA_000000_0_DQ144815|NCBI","Aaquaticus|TISZA_000000_0_DQ144815|NCBI","VALIDEE","2017-09-15","ASELLUS_AQUATICUS","2017-09-15","COI"
"TOPCIDE","44.763","20.468","Aaquaticus|TOPCIDE_000000_0_DQ144746|NCBI","Aaquaticus|TOPCIDE_000000_0_DQ144746|NCBI","VALIDEE","2017-09-15","ASELLUS_AQUATICUS","2017-09-15","28S"
"TOPCIDE","44.763","20.468","Aaquaticus|TOPCIDE_000000_0_DQ144853|NCBI","Aaquaticus|TOPCIDE_000000_0_DQ144853|NCBI","VALIDEE","2017-09-15","ASELLUS_AQUATICUS","2017-09-15","COI"
"TOPCIDE","44.763","20.468","Aaquaticus|TOPCIDE_000000_0_DQ144854|NCBI","Aaquaticus|TOPCIDE_000000_0_DQ144854|NCBI","VALIDEE","2017-09-15","ASELLUS_AQUATICUS","2017-09-15","COI"
"TREBICI1","45.673","13.825","Aaquaticus|TREBICI1_000000_0_AY531762|NCBI","Aaquaticus|TREBICI1_000000_0_AY531762|NCBI","VALIDEE","2017-09-15","ASELLUS_AQUATICUS","2017-09-15","COI"
"TREBICI1","45.673","13.825","Aaquaticus|TREBICI1_000000_0_AY531763|NCBI","Aaquaticus|TREBICI1_000000_0_AY531763|NCBI","VALIDEE","2017-09-15","ASELLUS_AQUATICUS","2017-09-15","COI"
"TREBICI1","45.673","13.825","Aaquaticus|TREBICI1_000000_0_AY531764|NCBI","Aaquaticus|TREBICI1_000000_0_AY531764|NCBI","VALIDEE","2017-09-15","ASELLUS_AQUATICUS","2017-09-15","COI"
"TREBICI1","45.673","13.825","Aaquaticus|TREBICI1_000000_0_AY531765|NCBI","Aaquaticus|TREBICI1_000000_0_AY531765|NCBI","VALIDEE","2017-09-15","ASELLUS_AQUATICUS","2017-09-15","COI"
"TREBICI1","45.673","13.825","Aaquaticus|TREBICI1_000000_0_AY531791|NCBI","Aaquaticus|TREBICI1_000000_0_AY531791|NCBI","VALIDEE","2017-09-15","ASELLUS_AQUATICUS","2017-09-15","COI"
"TREBICI1","45.673","13.825","Aaquaticus|TREBICI1_000000_0_AY531792|NCBI","Aaquaticus|TREBICI1_000000_0_AY531792|NCBI","VALIDEE","2017-09-15","ASELLUS_AQUATICUS","2017-09-15","COI"
"TREBICI1","45.673","13.825","Aaquaticus|TREBICI1_000000_0_AY531793|NCBI","Aaquaticus|TREBICI1_000000_0_AY531793|NCBI","VALIDEE","2017-09-15","ASELLUS_AQUATICUS","2017-09-15","COI"
"TREBICI1","45.673","13.825","Aaquaticus|TREBICI1_000000_0_DQ144740|NCBI","Aaquaticus|TREBICI1_000000_0_DQ144740|NCBI","VALIDEE","2017-09-15","ASELLUS_AQUATICUS","2017-09-15","28S"
"ULVAUPPS","59.9125","17.575556","Aaquaticus|ULVAUPPS_000000_0_FJ749276|NCBI","Aaquaticus|ULVAUPPS_000000_0_FJ749276|NCBI","VALIDEE","2017-09-15","ASELLUS_AQUATICUS","2017-09-15","COI"
"ULVAUPPS","59.9125","17.575556","Aaquaticus|ULVAUPPS_000000_0_FJ749277|NCBI","Aaquaticus|ULVAUPPS_000000_0_FJ749277|NCBI","VALIDEE","2017-09-15","ASELLUS_AQUATICUS","2017-09-15","COI"
"ULVAUPPS","59.9125","17.575556","Aaquaticus|ULVAUPPS_000000_0_FJ749278|NCBI","Aaquaticus|ULVAUPPS_000000_0_FJ749278|NCBI","VALIDEE","2017-09-15","ASELLUS_AQUATICUS","2017-09-15","COI"
"ULVAUPPS","59.9125","17.575556","Aaquaticus|ULVAUPPS_000000_0_FJ749279|NCBI","Aaquaticus|ULVAUPPS_000000_0_FJ749279|NCBI","VALIDEE","2017-09-15","ASELLUS_AQUATICUS","2017-09-15","COI"
"VAHRIVER","49.23341","18.74004","Aaquaticus|VAHRIVER_000000_0_KR921841|NCBI","Aaquaticus|VAHRIVER_000000_0_KR921841|NCBI","VALIDEE","2017-09-15","ASELLUS_AQUATICUS","2017-09-15","COI"
"VANTAAST","60.32417","25.05917","Aaquaticus|VANTAAST_000000_0_KR921774|NCBI","Aaquaticus|VANTAAST_000000_0_KR921774|NCBI","VALIDEE","2017-09-15","ASELLUS_AQUATICUS","2017-09-15","COI"
"VELIKI","45.788","14.197","Aaquaticus|VELIKI_000000_0_AY531759|NCBI","Aaquaticus|VELIKI_000000_0_AY531759|NCBI","VALIDEE","2017-09-15","ASELLUS_AQUATICUS","2017-09-15","COI"
"VELIKI","45.788","14.197","Aaquaticus|VELIKI_000000_0_AY531760|NCBI","Aaquaticus|VELIKI_000000_0_AY531760|NCBI","VALIDEE","2017-09-15","ASELLUS_AQUATICUS","2017-09-15","COI"
"VELIKI","45.788","14.197","Aaquaticus|VELIKI_000000_0_AY531796|NCBI","Aaquaticus|VELIKI_000000_0_AY531796|NCBI","VALIDEE","2017-09-15","ASELLUS_AQUATICUS","2017-09-15","COI"
"VELIKI","45.788","14.197","Aaquaticus|VELIKI_000000_0_AY531802|NCBI","Aaquaticus|VELIKI_000000_0_AY531802|NCBI","VALIDEE","2017-09-15","ASELLUS_AQUATICUS","2017-09-15","COI"
"VELIKI","45.788","14.197","Aaquaticus|VELIKI_000000_0_AY531807|NCBI","Aaquaticus|VELIKI_000000_0_AY531807|NCBI","VALIDEE","2017-09-15","ASELLUS_AQUATICUS","2017-09-15","COI"
"VEZIONYS","54.5512","24.16151","Aaquaticus|VEZIONYS_000000_0_KR921771|NCBI","Aaquaticus|VEZIONYS_000000_0_KR921771|NCBI","VALIDEE","2017-09-15","ASELLUS_AQUATICUS","2017-09-15","COI"
"VIRSNIC","45.907","14.703","Aaquaticus|VIRSNIC_000000_0_AY531780|NCBI","Aaquaticus|VIRSNIC_000000_0_AY531780|NCBI","VALIDEE","2017-09-15","ASELLUS_AQUATICUS","2017-09-15","COI"
"VIRSNIC","45.907","14.703","Aaquaticus|VIRSNIC_000000_0_AY531781|NCBI","Aaquaticus|VIRSNIC_000000_0_AY531781|NCBI","VALIDEE","2017-09-15","ASELLUS_AQUATICUS","2017-09-15","COI"
"VIRSNIC","45.907","14.703","Aaquaticus|VIRSNIC_000000_0_AY531782|NCBI","Aaquaticus|VIRSNIC_000000_0_AY531782|NCBI","VALIDEE","2017-09-15","ASELLUS_AQUATICUS","2017-09-15","COI"
"VIRSNIC","45.907","14.703","Aaquaticus|VIRSNIC_000000_0_DQ144743|NCBI","Aaquaticus|VIRSNIC_000000_0_DQ144743|NCBI","VALIDEE","2017-09-15","ASELLUS_AQUATICUS","2017-09-15","28S"
"VRISSA","39.27","22.316","Aaquaticus|VRISSA_000000_0_DQ144880|NCBI","Aaquaticus|VRISSA_000000_0_DQ144880|NCBI","VALIDEE","2017-09-15","ASELLUS_AQUATICUS","2017-09-15","COI"
"VRISSA","39.27","22.316","Aaquaticus|VRISSA_000000_0_DQ144881|NCBI","Aaquaticus|VRISSA_000000_0_DQ144881|NCBI","VALIDEE","2017-09-15","ASELLUS_AQUATICUS","2017-09-15","COI"
"VRISSA","39.27","22.316","Aaquaticus|VRISSA_000000_0_DQ144882|NCBI","Aaquaticus|VRISSA_000000_0_DQ144882|NCBI","VALIDEE","2017-09-15","ASELLUS_AQUATICUS","2017-09-15","COI"
"VRISSA","39.27","22.316","Aaquaticus|VRISSA_000000_0_DQ144883|NCBI","Aaquaticus|VRISSA_000000_0_DQ144883|NCBI","VALIDEE","2017-09-15","ASELLUS_AQUATICUS","2017-09-15","COI"
"VZAVARIV","56.38679","21.52356","Aaquaticus|VZAVARIV_000000_0_KR921781|NCBI","Aaquaticus|VZAVARIV_000000_0_KR921781|NCBI","VALIDEE","2017-09-15","ASELLUS_AQUATICUS","2017-09-15","COI"
"VZAVARIV","56.38679","21.52356","Aaquaticus|VZAVARIV_000000_0_KR921782|NCBI","Aaquaticus|VZAVARIV_000000_0_KR921782|NCBI","VALIDEE","2017-09-15","ASELLUS_AQUATICUS","2017-09-15","COI"
"WAGENIN","51.968","5.663","Aaquaticus|WAGENIN_000000_0_DQ144748|NCBI","Aaquaticus|WAGENIN_000000_0_DQ144748|NCBI","VALIDEE","2017-09-15","ASELLUS_AQUATICUS","2017-09-15","28S"
"WAGENIN","51.968","5.663","Aaquaticus|WAGENIN_000000_0_DQ144844|NCBI","Aaquaticus|WAGENIN_000000_0_DQ144844|NCBI","VALIDEE","2017-09-15","ASELLUS_AQUATICUS","2017-09-15","COI"
"WAGENIN","51.968","5.663","Aaquaticus|WAGENIN_000000_0_DQ144845|NCBI","Aaquaticus|WAGENIN_000000_0_DQ144845|NCBI","VALIDEE","2017-09-15","ASELLUS_AQUATICUS","2017-09-15","COI"
"WORTHER","46.61538","14.25279","Aaquaticus|WORTHER_000000_0_KR921754|NCBI","Aaquaticus|WORTHER_000000_0_KR921754|NCBI","VALIDEE","2017-09-15","ASELLUS_AQUATICUS","2017-09-15","COI"
"YADENITS","42.20387","23.99638","Aaquaticus|YADENITS_000000_0_KR921755|NCBI","Aaquaticus|YADENITS_000000_0_KR921755|NCBI","VALIDEE","2017-09-15","ASELLUS_AQUATICUS","2017-09-15","COI"
"ZAANDAM","52.47258","4.78034","Aaquaticus|ZAANDAM_200000_0_AF532161|NCBI","Aaquaticus|ZAANDAM_200000_0_AF532161|NCBI","VALIDEE","2017-09-15","ASELLUS_AQUATICUS","2017-09-15","16S"
"ZAWADYE","53.82279","22.33909","Aaquaticus|ZAWADYE_000000_0_KR921805|NCBI","Aaquaticus|ZAWADYE_000000_0_KR921805|NCBI","VALIDEE","2017-09-15","ASELLUS_AQUATICUS","2017-09-15","COI"
"ZAWADYE","53.82279","22.33909","Aaquaticus|ZAWADYE_000000_0_KR921806|NCBI","Aaquaticus|ZAWADYE_000000_0_KR921806|NCBI","VALIDEE","2017-09-15","ASELLUS_AQUATICUS","2017-09-15","COI"
"ZBILJE","46.157","14.425","Aaquaticus|ZBILJE_000000_0_AY531814|NCBI","Aaquaticus|ZBILJE_000000_0_AY531814|NCBI","VALIDEE","2017-09-15","ASELLUS_AQUATICUS","2017-09-15","COI"
"ZBILJE","46.157","14.425","Aaquaticus|ZBILJE_000000_0_AY531815|NCBI","Aaquaticus|ZBILJE_000000_0_AY531815|NCBI","VALIDEE","2017-09-15","ASELLUS_AQUATICUS","2017-09-15","COI"
"ZBILJE","46.157","14.425","Aaquaticus|ZBILJE_000000_0_AY531816|NCBI","Aaquaticus|ZBILJE_000000_0_AY531816|NCBI","VALIDEE","2017-09-15","ASELLUS_AQUATICUS","2017-09-15","COI"
"ZBILJE","46.157","14.425","Aaquaticus|ZBILJE_000000_0_AY531817|NCBI","Aaquaticus|ZBILJE_000000_0_AY531817|NCBI","VALIDEE","2017-09-15","ASELLUS_AQUATICUS","2017-09-15","COI"
"ZBILJE","46.157","14.425","Aaquaticus|ZBILJE_000000_0_AY531818|NCBI","Aaquaticus|ZBILJE_000000_0_AY531818|NCBI","VALIDEE","2017-09-15","ASELLUS_AQUATICUS","2017-09-15","COI"
"ZBILJE","46.157","14.425","Aaquaticus|ZBILJE_000000_0_DQ144744|NCBI","Aaquaticus|ZBILJE_000000_0_DQ144744|NCBI","VALIDEE","2017-09-15","ASELLUS_AQUATICUS","2017-09-15","28S"
"ZETARIV","42.659","18.996","Aaquaticus|ZETARIV_000000_0_DQ144746|NCBI","Aaquaticus|ZETARIV_000000_0_DQ144746|NCBI","VALIDEE","2017-09-15","ASELLUS_AQUATICUS","2017-09-15","28S"
"ZETARIV","42.659","18.996","Aaquaticus|ZETARIV_000000_0_DQ144775|NCBI","Aaquaticus|ZETARIV_000000_0_DQ144775|NCBI","VALIDEE","2017-09-15","ASELLUS_AQUATICUS","2017-09-15","COI"
"ZETARIV","42.659","18.996","Aaquaticus|ZETARIV_000000_0_DQ144776|NCBI","Aaquaticus|ZETARIV_000000_0_DQ144776|NCBI","VALIDEE","2017-09-15","ASELLUS_AQUATICUS","2017-09-15","COI"
"ZIROVNI","46.05","14.127","Aaquaticus|ZIROVNI_000000_0_DQ144743|NCBI","Aaquaticus|ZIROVNI_000000_0_DQ144743|NCBI","VALIDEE","2017-09-15","ASELLUS_AQUATICUS","2017-09-15","28S"
"ZIROVNI","46.05","14.127","Aaquaticus|ZIROVNI_000000_0_DQ144841|NCBI","Aaquaticus|ZIROVNI_000000_0_DQ144841|NCBI","VALIDEE","2017-09-15","ASELLUS_AQUATICUS","2017-09-15","COI"
"ZIROVNI","46.05","14.127","Aaquaticus|ZIROVNI_000000_0_DQ144842|NCBI","Aaquaticus|ZIROVNI_000000_0_DQ144842|NCBI","VALIDEE","2017-09-15","ASELLUS_AQUATICUS","2017-09-15","COI"
"ZOODHOS","36.3715","25.4748","Aaquaticus|ZOODHOS_000000_0_DQ144747|NCBI","Aaquaticus|ZOODHOS_000000_0_DQ144747|NCBI","VALIDEE","2017-09-15","ASELLUS_AQUATICUS","2017-09-15","28S"
"ZOODHOS","36.3715","25.4748","Aaquaticus|ZOODHOS_000000_0_DQ144827|NCBI","Aaquaticus|ZOODHOS_000000_0_DQ144827|NCBI","VALIDEE","2017-09-15","ASELLUS_AQUATICUS","2017-09-15","COI"
"ZOODHOS","36.3715","25.4748","Aaquaticus|ZOODHOS_000000_0_DQ144828|NCBI","Aaquaticus|ZOODHOS_000000_0_DQ144828|NCBI","VALIDEE","2017-09-15","ASELLUS_AQUATICUS","2017-09-15","COI"
"ZOODHOS","36.3715","25.4748","Aaquaticus|ZOODHOS_000000_0_DQ144829|NCBI","Aaquaticus|ZOODHOS_000000_0_DQ144829|NCBI","VALIDEE","2017-09-15","ASELLUS_AQUATICUS","2017-09-15","COI"
"ZOODHOS","36.3715","25.4748","Aaquaticus|ZOODHOS_000000_0_DQ144830|NCBI","Aaquaticus|ZOODHOS_000000_0_DQ144830|NCBI","VALIDEE","2017-09-15","ASELLUS_AQUATICUS","2017-09-15","COI"
